Perturbation,nAcid,nBase,nAromAtom,nAromBond,nAtom,nHeavyAtom,nSpiro,nBridgehead,nHetero,BertzCT,nBonds,nBondsO,nBondsS,nBondsD,nBondsT,nBondsA,nBondsM,nBondsKS,nBondsKD,PNSA1,PPSA1,DPSA1,FNSA1,FPSA1,WNSA1,WPSA1,RNCG,RPCG,RNCS,RPCS,TASA,TPSA,RASA,RPSA,HybRatio,FCSP3,AETA_beta,ETA_beta_s,AETA_beta_s,ETA_beta_ns,AETA_beta_ns,ETA_beta_ns_d,AETA_beta_ns_d,ETA_eta,AETA_eta,ETA_eta_L,AETA_eta_L,fragCpx,fMF,nHBAcc,nHBDon,apol,bpol,nRing,n3Ring,n4Ring,n5Ring,n6Ring,nRot,RotRatio,SLogP,SMR,TopoPSA,GGI1,GGI2,Vabc,MW,AMW,WPath,WPol,Zagreb1,dG_exp
02>10,0.0,0.0,0.0,0.0,-4.0,-2.0,0.0,0.0,0.0,-71.35491997221607,-5.0,-3.0,-5.0,0.0,0.0,0.0,0.0,-5.0,0.0,-60.734728864423005,-15.548794156587519,45.18593470783549,-0.029005903705824895,0.029005903705824895,-90.90120320074504,-57.851717253628294,0.0106751542213471,0.005804228492581415,7.453079766278903,-5.174668024585827,-79.58899275016381,3.305469729153245,-0.013178720529846031,0.013178720529845964,-0.08049535603715169,-0.08668730650154796,0.043560606060605966,-1.5,-0.009469696969697015,0.0,0.05303030303030298,0.0,0.0018939393939393962,-3.0780297239599115,-0.06197813901623084,-1.1172575871126025,-0.028308974282487187,-63.00000000000002,-0.029218843172331525,0.0,0.0,-4.673586,-2.0064139999999995,-1.0,-1.0,0.0,0.0,0.0,-1.0,-0.027777777777777776,-0.3901000000000001,-7.050000000000012,0.0,0.0,0.2777777777777777,-22.23551149997286,-26.015650064000052,0.14419291148500868,-225.0,-6.0,-16.0,1.63
02>12,0.0,0.0,0.0,0.0,0.0,1.0,0.0,0.0,1.0,27.359052311264573,0.0,1.0,0.0,0.0,0.0,0.0,0.0,0.0,0.0,35.90288584024279,-24.180848487521416,-60.08373432776421,0.029999950641141637,-0.02999995064114158,42.020366326915735,-18.130781253382338,0.0017986639756860934,0.0010007109062644404,-2.808077621801744,-0.9179476795321476,13.638279323732718,-1.9162419710114875,0.0032253431602868865,-0.003225343160286956,0.0,0.0,0.0008333333333332416,0.75,0.004166666666666653,0.5,-0.0033333333333334107,0.5,0.01916666666666667,1.73669005912949,0.035177389053122836,0.24083528740358065,-0.00025579156181446133,7.009999999999992,0.0,0.0,0.0,1.5132070000000013,-0.4932070000000017,0.0,0.0,0.0,0.0,0.0,0.0,-0.003968253968253968,0.6534000000000006,5.010000000000005,0.0,1.0,0.0,15.211068029906187,33.96102764799991,0.7897913406511616,148.0,2.0,6.0,-0.26
02>24,0.0,0.0,0.0,0.0,-1.0,0.0,0.0,0.0,1.0,2.4068602316300485,-1.0,0.0,-1.0,0.0,0.0,0.0,0.0,-1.0,0.0,-58.22544736658085,33.24763729481504,91.47308466139587,-0.04780244446612625,0.04780244446612636,-68.66950210917332,18.681251559415838,-0.00911029987053727,-0.005195730550277722,3.2665498048688453,4.950551027479406,-43.88049037424128,18.902680302475176,-0.02212491603806044,0.02212491603806023,0.017543859649122806,0.0146198830409357,0.02083333333333326,0.5,0.02083333333333326,0.0,0.0,0.0,0.0,-0.2992735714927015,-0.012469732145529266,-0.0800376260025848,-0.0033349010834410327,0.009999999999990905,0.011074197120708729,1.0,0.0,-1.2367929999999987,0.13679299999999728,0.0,0.0,0.0,0.0,0.0,0.0,0.0,-0.605,-2.2049999999999983,12.889999999999993,0.0,0.0,-6.299224626137459,0.9952489679999416,0.2120248183566389,0.0,0.0,0.0,0.14
02>34,0.0,0.0,0.0,0.0,3.0,1.0,0.0,0.0,0.0,43.63600067110895,3.0,1.0,3.0,0.0,0.0,0.0,0.0,3.0,0.0,37.94825120245309,28.70702804419,-9.241223158263095,0.007986514442353265,-0.007986514442353099,70.68624025710898,68.81922423564015,-0.0053429516058088045,-0.003011815296461384,2.018478104737426,2.831059147906558,75.66092032068241,-9.005641074039275,0.015656297230336014,-0.01565629723033586,0.03421052631578947,0.0368421052631579,-0.02916666666666678,0.5,-0.005833333333333357,0.0,-0.023333333333333317,0.0,-0.0008333333333333318,2.9941662239999265,0.08547643564794027,0.3541469336784289,0.004276674289179465,7.0,-0.030333670374115274,0.0,0.0,3.0035859999999985,2.0064139999999995,0.0,0.0,0.0,0.0,0.0,0.0,-0.003968253968253968,0.39010000000000056,4.617000000000004,0.0,1.0,1.166666666666666,17.295985223857315,14.015650064000056,-0.2111680466290542,116.0,3.0,8.0,0.84
03>07,0.0,0.0,0.0,0.0,-5.0,-2.0,0.0,0.0,0.0,-59.233272265152436,-5.0,-2.0,-5.0,0.0,0.0,0.0,0.0,-5.0,0.0,-48.78382378285636,-71.52673925580154,-22.742915472945185,-0.0014102448443829019,0.0014102448443830131,-104.25010163867188,-156.93655091901576,-0.08963927528403197,0.014874287229512506,129.47639453532184,-18.466856984303924,-123.12287548421999,2.812312445561986,-0.01691282963048324,0.016912829630483267,-0.03105590062111802,-0.035196687370600416,0.04601648351648335,-1.0,0.010302197802197877,-0.5,0.0357142857142857,-0.5,-0.017857142857142856,-2.726429885666384,-0.044896053228316364,-0.5284265369037326,-0.004651884488514002,-14.0,0.05111111111111105,0.0,0.0,-5.042378999999997,-3.6056209999999993,0.0,0.0,0.0,0.0,0.0,-1.0,-0.025583982202447158,-0.6135999999999986,-8.757000000000005,3.6599999999999966,-1.0,-0.4444444444444429,-32.38543680148541,-29.015315716000146,0.18226110267575368,-417.0,-4.0,-10.0,0.0
03>32,0.0,0.0,0.0,0.0,-4.0,-2.0,0.0,0.0,-1.0,-61.856989498982564,-4.0,-2.0,-4.0,0.0,0.0,0.0,0.0,-4.0,0.0,31.388690304189023,-122.5391734688876,-153.92786377307664,0.0637788823283656,-0.06377888232836547,-7.988617338191034,-192.5512943244545,-0.08618875753883047,0.01703428020204295,125.95711011334015,-20.84851533129134,-68.8739002480255,-22.27658291667298,0.010687138614823066,-0.010687138614822914,-0.03754940711462451,-0.03952569169960474,0.02678571428571419,-1.5,-0.008928571428571397,-0.5,0.0357142857142857,-0.5,-0.017857142857142856,-2.463865204050673,-0.034797411627712105,-0.44721359549995743,-0.0015283098191380404,-14.01000000000002,0.03999999999999998,-1.0,0.0,-3.805585999999998,-3.742414,0.0,0.0,0.0,0.0,0.0,-1.0,-0.025583982202447158,-0.008599999999997944,-6.5520000000000085,-9.229999999999997,-1.0,-0.4444444444444429,-26.086212175347896,-30.010564684000144,-0.005150269888541281,-417.0,-4.0,-10.0,-0.08
04>10,0.0,0.0,0.0,0.0,-3.0,-1.0,0.0,0.0,0.0,-15.202567291888725,-3.0,-1.0,-3.0,0.0,0.0,0.0,0.0,-3.0,0.0,-42.409534009469894,-26.415558228934287,15.993975780535607,-0.014047004565049205,0.01404700456504926,-69.1474569311979,-64.54819136681624,0.007413192239000083,0.004004941800571482,21.581339578812333,-3.5320810350496856,-74.7296642542326,5.904572015828536,-0.01488415605151261,0.014884156051512734,-0.04248366013071897,-0.04575163398692808,0.03359683794466406,-0.5,0.005928853754940677,0.0,0.027667984189723268,0.0,0.0009881422924901198,-1.970226559709463,-0.05108475504018595,-0.5690355937288496,-0.015222369198364975,-5.0,0.031135531135531136,0.0,0.0,-3.0035859999999985,-2.0064139999999995,0.0,0.0,0.0,0.0,0.0,-1.0,-0.03666666666666667,-0.39009999999999895,-4.617000000000004,-7.105427357601002e-15,0.0,0.0,-17.29598522385743,-14.015650064000056,0.2415787828426552,-112.0,-3.0,-4.0,0.28
04>14,0.0,0.0,0.0,0.0,4.0,2.0,0.0,0.0,0.0,67.54200802879836,5.0,3.0,5.0,0.0,0.0,0.0,0.0,5.0,0.0,42.218308361990864,43.70788714405978,1.4895787820689184,0.005222705638482261,-0.005222705638481928,82.81062413582578,97.40182887982668,-0.008844072662956505,-0.00496634789453973,13.987943155063649,4.622426505920089,85.52957729980756,0.3966182062430335,0.008831743115697677,-0.00883174311569744,0.07222222222222219,0.07777777777777778,-0.039130434782608685,1.5,0.009565217391304335,0.0,-0.04869565217391303,0.0,-0.0017391304347826075,3.023737961737311,0.053240562563462664,1.0176380902050424,0.02197404589901608,65.00000000000001,0.05175983436852999,0.0,0.0,4.673586,2.0064139999999995,1.0,1.0,0.0,0.0,0.0,1.0,0.022857142857142854,0.3901000000000008,7.049999999999998,-7.105427357601002e-15,0.5,0.055555555555555365,22.235511499972745,26.015650064000052,-0.11378217527140765,271.0,2.0,16.0,-0.15
04>16,0.0,0.0,0.0,0.0,3.0,1.0,0.0,0.0,0.0,28.160660279870967,3.0,1.0,3.0,0.0,0.0,0.0,0.0,3.0,0.0,36.893918450289156,27.99832603947175,-8.895592410817414,0.008701702950390633,-0.008701702950390189,67.23256963648225,67.50057392504277,-0.006254323785102628,-0.0034825219724513024,10.445739475920305,3.2119490603067504,70.68084453903577,-5.788600049274976,0.012487636775658784,-0.012487636775658464,0.03801169590643272,0.04093567251461988,-0.030797101449275388,0.5,-0.0054347826086956754,0.0,-0.025362318840579712,0.0,-0.000905797101449276,2.6900578300769884,0.0768206617188173,0.386425950835279,0.0063451033112691116,5.0,-0.026984126984127,0.0,0.0,3.0035859999999985,2.0064139999999995,0.0,0.0,0.0,0.0,0.0,0.0,-0.0046153846153846045,0.24600000000000002,4.547000000000012,0.0,0.5,0.22222222222222232,17.295985223857315,14.015650064000056,-0.20936827846363396,114.0,3.0,6.0,-0.2
05>32,0.0,0.0,0.0,0.0,2.0,0.0,0.0,0.0,-2.0,-4.814180739999983,2.0,0.0,2.0,0.0,0.0,0.0,0.0,2.0,0.0,119.57887996411148,-63.754960171385854,-183.33384013549733,0.09418099027320492,-0.0941809902732047,146.33290265853236,-31.71954712618549,0.01470514298169598,0.0094601761877611,-22.56911254154818,-10.964294601629517,98.33096510168356,-42.507045308957814,0.04871751117828305,-0.04871751117828276,-0.013636363636363641,-0.009090909090909094,-0.03846153846153855,-1.0,-0.038461538461538436,0.0,0.0,0.0,0.0,0.5730880059236085,0.02204184638167728,0.16180946247673236,0.006223440864489699,-0.020000000000010232,-0.02272727272727271,-2.0,0.0,2.4735859999999974,-0.2735860000000017,0.0,0.0,0.0,0.0,0.0,0.0,0.0,1.2100000000000006,4.409999999999997,-25.78000000000001,0.0,0.0,12.598449252275033,-1.990497935999997,-0.3833414438815126,0.0,0.0,0.0,1.41
05>35,0.0,0.0,0.0,0.0,1.0,0.0,0.0,0.0,-1.0,-2.1904635061698627,1.0,0.0,1.0,0.0,0.0,0.0,0.0,1.0,0.0,69.59896729560205,-42.08278895363583,-111.68175624923788,0.058088960275331274,-0.058088960275331177,81.396647226364,-25.681478406075826,0.009419069104620759,0.006136536611389326,-6.985917174760601,-7.270938181021164,55.46720276303563,-27.951024421069288,0.03149619749960675,-0.031496197499606526,-0.007142857142857145,-0.004761904761904773,-0.019230769230769384,-0.5,-0.01923076923076916,0.0,0.0,0.0,0.0,0.2734374784168807,0.0105168260929569,0.08026613933164839,0.003087159205063389,-0.009999999999990905,-0.011616161616161635,-1.0,0.0,1.2367929999999987,-0.13679300000000086,0.0,0.0,0.0,0.0,0.0,0.0,0.0,0.6050000000000004,2.2049999999999983,-12.890000000000017,0.0,0.0,6.299224626137517,-0.9952489679999984,-0.1959300713172176,0.0,0.0,0.0,1.08
06>11,0.0,0.0,0.0,0.0,1.0,0.0,0.0,0.0,-1.0,-2.1904635061698627,1.0,0.0,1.0,0.0,0.0,0.0,0.0,1.0,0.0,22.671365331528133,8.447663982776023,-14.223701348752115,0.009246606620798736,-0.009246606620798905,36.54355230031013,26.73243156495869,0.01051326254074028,0.006834405001264809,-27.789743737124294,-8.06809896685101,55.78942495789658,-24.67039564359237,0.02888412686711628,-0.02888412686711633,-0.007142857142857145,-0.004761904761904773,-0.0185185185185186,-0.5,-0.01851851851851849,0.0,0.0,0.0,0.0,0.3007480475375175,0.011138816575463673,0.07729768110164947,0.00286287707783886,-0.009999999999990905,-0.011616161616161635,-1.0,0.0,1.2367929999999987,-0.13679300000000086,0.0,0.0,0.0,0.0,0.0,0.0,0.0,0.6049999999999998,2.2050000000000125,-12.890000000000017,0.0,0.0,6.2992246261376295,-0.9952489679999984,-0.213082105482874,0.0,0.0,0.0,-0.94
06>33,0.0,0.0,0.0,0.0,1.0,0.0,0.0,0.0,-1.0,-2.190463506169749,1.0,0.0,1.0,0.0,0.0,0.0,0.0,1.0,0.0,46.675625830111244,-14.963125573083856,-61.6387514031951,0.032240169221636805,-0.03224016922163686,61.59993846610297,2.9016020020452515,0.007851042605229147,0.005182493390466003,2.3093443621216068,-6.1863293866110505,73.35087872725933,-41.63837847023186,0.04539116435295909,-0.04539116435295906,-0.007142857142857145,-0.004761904761904773,-0.0185185185185186,-0.5,-0.01851851851851849,0.0,0.0,0.0,0.0,0.2677342750169238,0.009916084259886104,0.07528473600712804,0.0027883235558195663,-0.009999999999990905,-0.011616161616161635,-1.0,0.0,1.2367929999999987,-0.13679300000000086,0.0,0.0,0.0,0.0,0.0,0.0,0.0,0.6049999999999998,2.2050000000000125,-12.890000000000017,0.0,0.0,6.2992246261376295,-0.9952489679999416,-0.2130821054828722,0.0,0.0,0.0,0.03
07>03,0.0,0.0,0.0,0.0,5.0,2.0,0.0,0.0,0.0,59.233272265152436,5.0,2.0,5.0,0.0,0.0,0.0,0.0,5.0,0.0,48.78382378285636,71.52673925580154,22.742915472945185,0.0014102448443829019,-0.0014102448443830131,104.25010163867188,156.93655091901576,0.08963927528403197,-0.014874287229512506,-129.47639453532184,18.466856984303924,123.12287548421999,-2.812312445561986,0.01691282963048324,-0.016912829630483267,0.03105590062111802,0.035196687370600416,-0.04601648351648335,1.0,-0.010302197802197877,0.5,-0.0357142857142857,0.5,0.017857142857142856,2.726429885666384,0.044896053228316364,0.5284265369037326,0.004651884488514002,14.0,-0.05111111111111105,0.0,0.0,5.042378999999997,3.6056209999999993,0.0,0.0,0.0,0.0,0.0,1.0,0.025583982202447158,0.6135999999999986,8.757000000000005,-3.6599999999999966,1.0,0.4444444444444429,32.38543680148541,29.015315716000146,-0.18226110267575368,417.0,4.0,10.0,0.0
08>11,0.0,0.0,0.0,0.0,1.0,0.0,0.0,0.0,-1.0,-2.1904635061699764,1.0,0.0,1.0,0.0,0.0,0.0,0.0,1.0,0.0,18.49190821346156,8.896508585764423,-9.595399627697132,0.006653374428589931,-0.00665337442858982,30.76842250593268,25.024083311656,0.010762072575521198,0.006908879255831779,-46.500477864717205,-8.16027499741125,20.79892891235261,6.589487886873371,-0.002838745297520928,0.002838745297520984,-0.007142857142857145,-0.004761904761904773,-0.0185185185185186,-0.5,-0.01851851851851849,0.0,0.0,0.0,0.0,0.36679967417856574,0.013585173117724671,0.08155349889729724,0.0030204999591591512,-0.009999999999990905,-0.011616161616161635,-1.0,0.0,1.2367929999999987,-0.13679300000000086,0.0,0.0,0.0,0.0,0.0,0.0,0.0,0.6050000000000002,2.2049999999999983,-12.890000000000017,0.0,0.0,6.299224626137517,-0.9952489680000554,-0.21308210548287576,0.0,0.0,0.0,-1.16
08>33,0.0,0.0,0.0,0.0,1.0,0.0,0.0,0.0,-1.0,-2.1904635061698627,1.0,0.0,1.0,0.0,0.0,0.0,0.0,1.0,0.0,42.49616871204466,-14.514280970095456,-57.01044968214012,0.029646937029427996,-0.029646937029427774,55.82480867172552,1.1932537487425634,0.008099852640010062,0.005256967645032973,-16.401389765471293,-6.278505417171289,38.36038268171535,-10.378494939766114,0.013668292188321884,-0.013668292188321746,-0.007142857142857145,-0.004761904761904773,-0.0185185185185186,-0.5,-0.01851851851851849,0.0,0.0,0.0,0.0,0.3337859016579721,0.0123624408021471,0.0795405538027758,0.002945946437139857,-0.009999999999990905,-0.011616161616161635,-1.0,0.0,1.2367929999999987,-0.13679300000000086,0.0,0.0,0.0,0.0,0.0,0.0,0.0,0.6050000000000002,2.2049999999999983,-12.890000000000017,0.0,0.0,6.299224626137517,-0.9952489679999984,-0.213082105482874,0.0,0.0,0.0,-0.19
10>02,0.0,0.0,0.0,0.0,4.0,2.0,0.0,0.0,0.0,71.35491997221607,5.0,3.0,5.0,0.0,0.0,0.0,0.0,5.0,0.0,60.734728864423005,15.548794156587519,-45.18593470783549,0.029005903705824895,-0.029005903705824895,90.90120320074504,57.851717253628294,-0.0106751542213471,-0.005804228492581415,-7.453079766278903,5.174668024585827,79.58899275016381,-3.305469729153245,0.013178720529846031,-0.013178720529845964,0.08049535603715169,0.08668730650154796,-0.043560606060605966,1.5,0.009469696969697015,0.0,-0.05303030303030298,0.0,-0.0018939393939393962,3.0780297239599115,0.06197813901623084,1.1172575871126025,0.028308974282487187,63.00000000000002,0.029218843172331525,0.0,0.0,4.673586,2.0064139999999995,1.0,1.0,0.0,0.0,0.0,1.0,0.027777777777777776,0.3901000000000001,7.050000000000012,0.0,0.0,-0.2777777777777777,22.23551149997286,26.015650064000052,-0.14419291148500868,225.0,6.0,16.0,-1.63
10>04,0.0,0.0,0.0,0.0,3.0,1.0,0.0,0.0,0.0,15.202567291888725,3.0,1.0,3.0,0.0,0.0,0.0,0.0,3.0,0.0,42.409534009469894,26.415558228934287,-15.993975780535607,0.014047004565049205,-0.01404700456504926,69.1474569311979,64.54819136681624,-0.007413192239000083,-0.004004941800571482,-21.581339578812333,3.5320810350496856,74.7296642542326,-5.904572015828536,0.01488415605151261,-0.014884156051512734,0.04248366013071897,0.04575163398692808,-0.03359683794466406,0.5,-0.005928853754940677,0.0,-0.027667984189723268,0.0,-0.0009881422924901198,1.970226559709463,0.05108475504018595,0.5690355937288496,0.015222369198364975,5.0,-0.031135531135531136,0.0,0.0,3.0035859999999985,2.0064139999999995,0.0,0.0,0.0,0.0,0.0,1.0,0.03666666666666667,0.39009999999999895,4.617000000000004,7.105427357601002e-15,0.0,0.0,17.29598522385743,14.015650064000056,-0.2415787828426552,112.0,3.0,4.0,-0.28
10>16,0.0,0.0,0.0,0.0,6.0,2.0,0.0,0.0,0.0,43.363227571759694,6.0,2.0,6.0,0.0,0.0,0.0,0.0,6.0,0.0,79.30345245975906,54.413884268406036,-24.88956819135302,0.02274870751543984,-0.022748707515439448,136.38002656768015,132.04876529185898,-0.013667516024102709,-0.007487463773022784,-11.135600102892028,6.744030095356437,145.41050879326838,-11.693172065103509,0.027371792827171396,-0.0273717928271712,0.08049535603715169,0.08668730650154796,-0.06439393939393945,1.0,-0.011363636363636355,0.0,-0.05303030303030298,0.0,-0.0018939393939393962,4.660284389786452,0.12790541675900324,0.9554615445641286,0.02156747250963409,10.0,-0.058119658119658135,0.0,0.0,6.007171999999998,4.012827999999999,0.0,0.0,0.0,0.0,0.0,1.0,0.03205128205128206,0.636099999999999,9.164000000000016,7.105427357601002e-15,0.5,0.22222222222222232,34.591970447714736,28.03130012800011,-0.4509470613062891,226.0,6.0,10.0,-0.48
11>06,0.0,0.0,0.0,0.0,-1.0,0.0,0.0,0.0,1.0,2.1904635061698627,-1.0,0.0,-1.0,0.0,0.0,0.0,0.0,-1.0,0.0,-22.671365331528133,-8.447663982776023,14.223701348752115,-0.009246606620798736,0.009246606620798905,-36.54355230031013,-26.73243156495869,-0.01051326254074028,-0.006834405001264809,27.789743737124294,8.06809896685101,-55.78942495789658,24.67039564359237,-0.02888412686711628,0.02888412686711633,0.007142857142857145,0.004761904761904773,0.0185185185185186,0.5,0.01851851851851849,0.0,0.0,0.0,0.0,-0.3007480475375175,-0.011138816575463673,-0.07729768110164947,-0.00286287707783886,0.009999999999990905,0.011616161616161635,1.0,0.0,-1.2367929999999987,0.13679300000000086,0.0,0.0,0.0,0.0,0.0,0.0,0.0,-0.6049999999999998,-2.2050000000000125,12.890000000000017,0.0,0.0,-6.2992246261376295,0.9952489679999984,0.213082105482874,0.0,0.0,0.0,0.94
11>08,0.0,0.0,0.0,0.0,-1.0,0.0,0.0,0.0,1.0,2.1904635061699764,-1.0,0.0,-1.0,0.0,0.0,0.0,0.0,-1.0,0.0,-18.49190821346156,-8.896508585764423,9.595399627697132,-0.006653374428589931,0.00665337442858982,-30.76842250593268,-25.024083311656,-0.010762072575521198,-0.006908879255831779,46.500477864717205,8.16027499741125,-20.79892891235261,-6.589487886873371,0.002838745297520928,-0.002838745297520984,0.007142857142857145,0.004761904761904773,0.0185185185185186,0.5,0.01851851851851849,0.0,0.0,0.0,0.0,-0.36679967417856574,-0.013585173117724671,-0.08155349889729724,-0.0030204999591591512,0.009999999999990905,0.011616161616161635,1.0,0.0,-1.2367929999999987,0.13679300000000086,0.0,0.0,0.0,0.0,0.0,0.0,0.0,-0.6050000000000002,-2.2049999999999983,12.890000000000017,0.0,0.0,-6.299224626137517,0.9952489680000554,0.21308210548287576,0.0,0.0,0.0,1.16
12>02,0.0,0.0,0.0,0.0,0.0,-1.0,0.0,0.0,-1.0,-27.359052311264573,0.0,-1.0,0.0,0.0,0.0,0.0,0.0,0.0,0.0,-35.90288584024279,24.180848487521416,60.08373432776421,-0.029999950641141637,0.02999995064114158,-42.020366326915735,18.130781253382338,-0.0017986639756860934,-0.0010007109062644404,2.808077621801744,0.9179476795321476,-13.638279323732718,1.9162419710114875,-0.0032253431602868865,0.003225343160286956,0.0,0.0,-0.0008333333333332416,-0.75,-0.004166666666666653,-0.5,0.0033333333333334107,-0.5,-0.01916666666666667,-1.73669005912949,-0.035177389053122836,-0.24083528740358065,0.00025579156181446133,-7.009999999999992,0.0,0.0,0.0,-1.5132070000000013,0.4932070000000017,0.0,0.0,0.0,0.0,0.0,0.0,0.003968253968253968,-0.6534000000000006,-5.010000000000005,0.0,-1.0,0.0,-15.211068029906187,-33.96102764799991,-0.7897913406511616,-148.0,-2.0,-6.0,0.26
12>24,0.0,0.0,0.0,0.0,-1.0,-1.0,0.0,0.0,0.0,-24.952192079634532,-1.0,-1.0,-1.0,0.0,0.0,0.0,0.0,-1.0,0.0,-94.12833320682364,57.42848578233645,151.5568189891601,-0.07780239510726789,0.07780239510726794,-110.68986843608906,36.81203281279818,-0.010908963846223365,-0.006196441456542161,6.074627426670588,5.868498707011554,-57.51876969797401,20.818922273486663,-0.025350259198347325,0.025350259198347186,0.017543859649122806,0.0146198830409357,0.020000000000000014,-0.25,0.01666666666666661,-0.5,0.0033333333333334107,-0.5,-0.01916666666666667,-2.0359636306221915,-0.04764712119865211,-0.3208729134061654,-0.003079109521626572,-7.0,0.011074197120708729,1.0,0.0,-2.75,0.629999999999999,0.0,0.0,0.0,0.0,0.0,0.0,0.003968253968253968,-1.2584000000000006,-7.2150000000000025,12.889999999999993,-1.0,0.0,-21.51029265604365,-32.965778679999964,-0.5777665222945227,-148.0,-2.0,-6.0,0.4
13>15,0.0,0.0,0.0,0.0,-1.0,-2.0,0.0,0.0,-1.0,-141.681722786009,-1.0,-2.0,0.0,0.0,-1.0,0.0,-1.0,0.0,0.0,-19.27032309328285,2.258333141570006,21.528656234852857,-0.013151333800482999,0.013151333800483056,-25.254912049662096,-8.397132424487609,0.013069787125076645,0.0077710742692110035,-17.015647415109868,-7.913889704817848,-16.648216383782255,-0.36377356793070703,-0.00204989126507249,0.0020498912650723233,0.0,0.0146198830409357,-0.07000000000000006,-1.25,0.003043478260869481,-3.0,-0.07304347826086954,0.0,0.0,-1.3715959289205202,0.010125946035308251,-0.21742154425523186,0.010822994341787129,-14.009999999999993,0.011074197120708729,-1.0,0.0,-2.1032070000000047,0.43320699999999945,0.0,0.0,0.0,0.0,0.0,0.0,0.008241758241758254,0.12831999999999974,-4.714999999999988,-23.789999999999992,-1.0,-0.22222222222222232,-23.01982792609357,-24.995248968000002,-0.4112099219312899,-312.0,-4.0,-10.0,0.0
13>17,0.0,0.0,0.0,0.0,1.0,0.0,0.0,0.0,-1.0,-2.1182986678823,1.0,0.0,1.0,0.0,0.0,0.0,0.0,1.0,0.0,67.07383058770006,-39.38972133570656,-106.4635519234066,0.05530334464606157,-0.05530334464606157,79.11645985343472,-23.11613106793436,0.007990121886297219,0.004806648640322847,-11.172241953645596,-4.986671312439455,52.945226576005666,-25.26111732401215,0.0284065949830804,-0.028406594983080458,-0.017543859649122806,-0.01315789473684209,-0.020000000000000014,-0.5,-0.020000000000000014,0.0,0.0,0.0,0.0,0.29389659078008634,0.0117558636312034,0.08024288894035791,0.0032097155576143177,-0.009999999999990905,-0.010570824524312905,-1.0,0.0,1.2367929999999987,-0.13679300000000086,0.0,0.0,0.0,0.0,0.0,0.0,0.0,0.6049999999999991,2.2050000000000125,-12.889999999999983,0.0,0.0,6.299224626137459,-0.9952489679999984,-0.19817457306558686,0.0,0.0,0.0,-0.44
13>18,0.0,0.0,0.0,0.0,4.0,1.0,0.0,0.0,-1.0,39.47024301767794,4.0,1.0,4.0,0.0,0.0,0.0,0.0,4.0,0.0,56.51176093392513,54.352527341462526,-2.1592335924626127,0.013504973845005151,-0.013504973845004709,104.08138487016953,129.4002633761462,0.001960750955735252,0.0011962307946783155,2.8713807585351963,-1.2700050421526896,107.20179768176183,3.662490593625876,0.010652186804324892,-0.010652186804324532,0.03508771929824561,0.022556390977443608,-0.07961538461538464,0.25,-0.01576923076923076,-1.0,-0.06384615384615389,0.0,0.0,2.3865877005233287,0.060936206025270175,0.4875551556599485,0.009783844176991574,6.990000000000008,-0.03958436417615041,-1.0,0.0,4.240378999999997,2.439620999999999,0.0,0.0,0.0,0.0,0.0,0.0,-0.003694581280788173,0.4997199999999984,7.837000000000002,-23.789999999999978,0.0,-4.440892098500626e-16,23.59520984999477,13.020401096000054,-0.3803686785434737,193.0,1.0,4.0,-1.927
13>19,0.0,0.0,0.0,0.0,2.0,-1.0,0.0,0.0,-1.0,-83.91961833737992,2.0,-1.0,3.0,0.0,-1.0,0.0,-1.0,3.0,0.0,11.434069088088052,48.58841770308732,37.15434861499927,-0.010454981299460042,0.010454981299460207,34.52930714144827,88.82718758481873,0.01050049359351615,0.0062803305006262355,-10.607969458515726,-6.455436999932289,56.31253209145211,3.7099546997233688,0.004411384089905046,-0.004411384089904796,0.03508771929824561,0.05263157894736842,-0.10125000000000006,-0.75,-0.003750000000000031,-3.0,-0.09750000000000003,0.0,0.0,0.8155998893545195,0.06741025971753434,0.13630132157655428,0.01539485535978011,-7.009999999999992,-0.020671834625323016,-1.0,0.0,0.9003789999999938,2.439620999999999,0.0,0.0,0.0,0.0,0.0,0.0,0.003968253968253968,0.4367399999999984,0.02199999999999136,-23.789999999999978,0.0,0.0,-5.723842702236254,-10.979598903999944,-0.5872991866171464,-168.0,-2.0,-4.0,-0.05
14>04,0.0,0.0,0.0,0.0,-4.0,-2.0,0.0,0.0,0.0,-67.54200802879836,-5.0,-3.0,-5.0,0.0,0.0,0.0,0.0,-5.0,0.0,-42.218308361990864,-43.70788714405978,-1.4895787820689184,-0.005222705638482261,0.005222705638481928,-82.81062413582578,-97.40182887982668,0.008844072662956505,0.00496634789453973,-13.987943155063649,-4.622426505920089,-85.52957729980756,-0.3966182062430335,-0.008831743115697677,0.00883174311569744,-0.07222222222222219,-0.07777777777777778,0.039130434782608685,-1.5,-0.009565217391304335,0.0,0.04869565217391303,0.0,0.0017391304347826075,-3.023737961737311,-0.053240562563462664,-1.0176380902050424,-0.02197404589901608,-65.00000000000001,-0.05175983436852999,0.0,0.0,-4.673586,-2.0064139999999995,-1.0,-1.0,0.0,0.0,0.0,-1.0,-0.022857142857142854,-0.3901000000000008,-7.049999999999998,7.105427357601002e-15,-0.5,-0.055555555555555365,-22.235511499972745,-26.015650064000052,0.11378217527140765,-271.0,-2.0,-16.0,0.15
15>13,0.0,0.0,0.0,0.0,1.0,2.0,0.0,0.0,1.0,141.681722786009,1.0,2.0,0.0,0.0,1.0,0.0,1.0,0.0,0.0,19.27032309328285,-2.258333141570006,-21.528656234852857,0.013151333800482999,-0.013151333800483056,25.254912049662096,8.397132424487609,-0.013069787125076645,-0.0077710742692110035,17.015647415109868,7.913889704817848,16.648216383782255,0.36377356793070703,0.00204989126507249,-0.0020498912650723233,0.0,-0.0146198830409357,0.07000000000000006,1.25,-0.003043478260869481,3.0,0.07304347826086954,0.0,0.0,1.3715959289205202,-0.010125946035308251,0.21742154425523186,-0.010822994341787129,14.009999999999993,-0.011074197120708729,1.0,0.0,2.1032070000000047,-0.43320699999999945,0.0,0.0,0.0,0.0,0.0,0.0,-0.008241758241758254,-0.12831999999999974,4.714999999999988,23.789999999999992,1.0,0.22222222222222232,23.01982792609357,24.995248968000002,0.4112099219312899,312.0,4.0,10.0,0.0
15>19,0.0,0.0,0.0,0.0,3.0,1.0,0.0,0.0,0.0,57.762104448629096,3.0,1.0,3.0,0.0,0.0,0.0,0.0,3.0,0.0,30.704392181370906,46.33008456151732,15.625692380146404,0.0026963525010229587,-0.0026963525010228477,59.78421919111036,97.22432000930631,-0.0025692935315604908,-0.001490743768584768,6.407677956594143,1.4584527048855591,72.96074847523437,4.073728267654076,0.006461275354977536,-0.0064612753549771204,0.03508771929824561,0.03801169590643272,-0.03125,0.5,-0.006793478260869512,0.0,-0.024456521739130488,0.0,0.0,2.18719581827504,0.057284313682226085,0.3537228658317861,0.004571861017992979,7.0,-0.031746031746031744,0.0,0.0,3.0035859999999985,2.0064139999999995,0.0,0.0,0.0,0.0,0.0,0.0,-0.004273504273504286,0.3084199999999986,4.7369999999999814,1.4210854715202004e-14,1.0,0.22222222222222232,17.295985223857315,14.015650064000056,-0.1760892646858565,144.0,2.0,6.0,-0.05
15>24,0.0,0.0,0.0,0.0,0.0,1.0,0.0,0.0,1.0,63.41407717809568,0.0,1.0,0.0,0.0,0.0,0.0,0.0,0.0,0.0,32.96386372009107,-25.362018495385318,-58.325882215476376,0.030577228926126517,-0.030577228926126576,35.26882609650818,-20.302870277616197,-0.0020510247489562983,-0.0011886185973215002,3.1640486108080097,1.160676606993377,7.45732483383108,0.1445203908747601,0.0009429699676393176,-0.0009429699676392901,0.0,0.0,0.0,0.75,0.003623188405797117,0.5,-0.003623188405797117,0.5,0.02083333333333333,1.5902917480042085,0.03241331075427478,0.24152557657306065,-0.000103026034453918,7.009999999999992,0.0,0.0,0.0,1.5132070000000013,-0.4932070000000017,0.0,0.0,0.0,0.0,0.0,0.0,-0.004273504273504286,0.6533999999999998,5.010000000000005,0.0,1.0,0.22222222222222232,15.211068029906187,33.96102764799997,0.8085958963809521,144.0,2.0,6.0,-0.91
16>04,0.0,0.0,0.0,0.0,-3.0,-1.0,0.0,0.0,0.0,-28.160660279870967,-3.0,-1.0,-3.0,0.0,0.0,0.0,0.0,-3.0,0.0,-36.893918450289156,-27.99832603947175,8.895592410817414,-0.008701702950390633,0.008701702950390189,-67.23256963648225,-67.50057392504277,0.006254323785102628,0.0034825219724513024,-10.445739475920305,-3.2119490603067504,-70.68084453903577,5.788600049274976,-0.012487636775658784,0.012487636775658464,-0.03801169590643272,-0.04093567251461988,0.030797101449275388,-0.5,0.0054347826086956754,0.0,0.025362318840579712,0.0,0.000905797101449276,-2.6900578300769884,-0.0768206617188173,-0.386425950835279,-0.0063451033112691116,-5.0,0.026984126984127,0.0,0.0,-3.0035859999999985,-2.0064139999999995,0.0,0.0,0.0,0.0,0.0,0.0,0.0046153846153846045,-0.24600000000000002,-4.547000000000012,0.0,-0.5,-0.22222222222222232,-17.295985223857315,-14.015650064000056,0.20936827846363396,-114.0,-3.0,-6.0,0.2
16>10,0.0,0.0,0.0,0.0,-6.0,-2.0,0.0,0.0,0.0,-43.363227571759694,-6.0,-2.0,-6.0,0.0,0.0,0.0,0.0,-6.0,0.0,-79.30345245975906,-54.413884268406036,24.88956819135302,-0.02274870751543984,0.022748707515439448,-136.38002656768015,-132.04876529185898,0.013667516024102709,0.007487463773022784,11.135600102892028,-6.744030095356437,-145.41050879326838,11.693172065103509,-0.027371792827171396,0.0273717928271712,-0.08049535603715169,-0.08668730650154796,0.06439393939393945,-1.0,0.011363636363636355,0.0,0.05303030303030298,0.0,0.0018939393939393962,-4.660284389786452,-0.12790541675900324,-0.9554615445641286,-0.02156747250963409,-10.0,0.058119658119658135,0.0,0.0,-6.007171999999998,-4.012827999999999,0.0,0.0,0.0,0.0,0.0,-1.0,-0.03205128205128206,-0.636099999999999,-9.164000000000016,-7.105427357601002e-15,-0.5,-0.22222222222222232,-34.591970447714736,-28.03130012800011,0.4509470613062891,-226.0,-6.0,-10.0,0.48
17>13,0.0,0.0,0.0,0.0,-1.0,0.0,0.0,0.0,1.0,2.1182986678823,-1.0,0.0,-1.0,0.0,0.0,0.0,0.0,-1.0,0.0,-67.07383058770006,39.38972133570656,106.4635519234066,-0.05530334464606157,0.05530334464606157,-79.11645985343472,23.11613106793436,-0.007990121886297219,-0.004806648640322847,11.172241953645596,4.986671312439455,-52.945226576005666,25.26111732401215,-0.0284065949830804,0.028406594983080458,0.017543859649122806,0.01315789473684209,0.020000000000000014,0.5,0.020000000000000014,0.0,0.0,0.0,0.0,-0.29389659078008634,-0.0117558636312034,-0.08024288894035791,-0.0032097155576143177,0.009999999999990905,0.010570824524312905,1.0,0.0,-1.2367929999999987,0.13679300000000086,0.0,0.0,0.0,0.0,0.0,0.0,0.0,-0.6049999999999991,-2.2050000000000125,12.889999999999983,0.0,0.0,-6.299224626137459,0.9952489679999984,0.19817457306558686,0.0,0.0,0.0,0.44
17>18,0.0,0.0,0.0,0.0,3.0,1.0,0.0,0.0,0.0,41.58854168556024,3.0,1.0,3.0,0.0,0.0,0.0,0.0,3.0,0.0,-10.562069653774929,93.74224867716907,104.304318330944,-0.04179837080105642,0.04179837080105686,24.96492501673481,152.51639444408056,-0.006029370930561967,-0.0036104178456445313,14.043622712180793,3.716666270286765,54.256571105756166,28.923607917638027,-0.01775440817875551,0.017754408178755926,0.05263157894736842,0.0357142857142857,-0.05961538461538464,0.75,0.00423076923076926,-1.0,-0.06384615384615389,0.0,0.0,2.0926911097432424,0.04918034239406677,0.4073122667195905,0.006574128619377256,7.0,-0.029013539651837505,0.0,0.0,3.0035859999999985,2.576414,0.0,0.0,0.0,0.0,0.0,0.0,-0.003694581280788173,-0.1052800000000007,5.631999999999992,-10.899999999999993,0.0,-4.440892098500626e-16,17.295985223857315,14.015650064000056,-0.18219410547788684,193.0,1.0,4.0,-1.487
18>13,0.0,0.0,0.0,0.0,-4.0,-1.0,0.0,0.0,1.0,-39.47024301767794,-4.0,-1.0,-4.0,0.0,0.0,0.0,0.0,-4.0,0.0,-56.51176093392513,-54.352527341462526,2.1592335924626127,-0.013504973845005151,0.013504973845004709,-104.08138487016953,-129.4002633761462,-0.001960750955735252,-0.0011962307946783155,-2.8713807585351963,1.2700050421526896,-107.20179768176183,-3.662490593625876,-0.010652186804324892,0.010652186804324532,-0.03508771929824561,-0.022556390977443608,0.07961538461538464,-0.25,0.01576923076923076,1.0,0.06384615384615389,0.0,0.0,-2.3865877005233287,-0.060936206025270175,-0.4875551556599485,-0.009783844176991574,-6.990000000000008,0.03958436417615041,1.0,0.0,-4.240378999999997,-2.439620999999999,0.0,0.0,0.0,0.0,0.0,0.0,0.003694581280788173,-0.4997199999999984,-7.837000000000002,23.789999999999978,0.0,4.440892098500626e-16,-23.59520984999477,-13.020401096000054,0.3803686785434737,-193.0,-1.0,-4.0,1.927
18>17,0.0,0.0,0.0,0.0,-3.0,-1.0,0.0,0.0,0.0,-41.58854168556024,-3.0,-1.0,-3.0,0.0,0.0,0.0,0.0,-3.0,0.0,10.562069653774929,-93.74224867716907,-104.304318330944,0.04179837080105642,-0.04179837080105686,-24.96492501673481,-152.51639444408056,0.006029370930561967,0.0036104178456445313,-14.043622712180793,-3.716666270286765,-54.256571105756166,-28.923607917638027,0.01775440817875551,-0.017754408178755926,-0.05263157894736842,-0.0357142857142857,0.05961538461538464,-0.75,-0.00423076923076926,1.0,0.06384615384615389,0.0,0.0,-2.0926911097432424,-0.04918034239406677,-0.4073122667195905,-0.006574128619377256,-7.0,0.029013539651837505,0.0,0.0,-3.0035859999999985,-2.576414,0.0,0.0,0.0,0.0,0.0,0.0,0.003694581280788173,0.1052800000000007,-5.631999999999992,10.899999999999993,0.0,4.440892098500626e-16,-17.295985223857315,-14.015650064000056,0.18219410547788684,-193.0,-1.0,-4.0,1.487
18>19,0.0,0.0,0.0,0.0,-2.0,-2.0,0.0,0.0,0.0,-123.38986135505785,-2.0,-2.0,-1.0,0.0,-1.0,0.0,-1.0,-1.0,0.0,-45.07769184583708,-5.764109638375203,39.313582207461884,-0.0239599551444652,0.023959955144464917,-69.55207772872126,-40.573075791327476,0.0085397426377809,0.005084099705947921,-13.47935021705092,-5.185431957779599,-50.88926559030971,0.04746410609749319,-0.006240802714419846,0.006240802714419735,0.0,0.030075187969924814,-0.02163461538461542,-1.0,0.012019230769230728,-2.0,-0.033653846153846145,0.0,0.0,-1.5709878111688091,0.00647405369226417,-0.35125383408339417,0.0056110111827885325,-14.0,0.0189125295508274,0.0,0.0,-3.3400000000000034,0.0,0.0,0.0,0.0,0.0,0.0,0.0,0.007662835249042141,-0.06298000000000004,-7.815000000000013,0.0,0.0,4.440892098500626e-16,-29.31905255223103,-24.0,-0.20693050807367275,-361.0,-3.0,-8.0,1.877
19>13,0.0,0.0,0.0,0.0,-2.0,1.0,0.0,0.0,1.0,83.91961833737992,-2.0,1.0,-3.0,0.0,1.0,0.0,1.0,-3.0,0.0,-11.434069088088052,-48.58841770308732,-37.15434861499927,0.010454981299460042,-0.010454981299460207,-34.52930714144827,-88.82718758481873,-0.01050049359351615,-0.0062803305006262355,10.607969458515726,6.455436999932289,-56.31253209145211,-3.7099546997233688,-0.004411384089905046,0.004411384089904796,-0.03508771929824561,-0.05263157894736842,0.10125000000000006,0.75,0.003750000000000031,3.0,0.09750000000000003,0.0,0.0,-0.8155998893545195,-0.06741025971753434,-0.13630132157655428,-0.01539485535978011,7.009999999999992,0.020671834625323016,1.0,0.0,-0.9003789999999938,-2.439620999999999,0.0,0.0,0.0,0.0,0.0,0.0,-0.003968253968253968,-0.4367399999999984,-0.02199999999999136,23.789999999999978,0.0,0.0,5.723842702236254,10.979598903999944,0.5872991866171464,168.0,2.0,4.0,0.05
19>15,0.0,0.0,0.0,0.0,-3.0,-1.0,0.0,0.0,0.0,-57.762104448629096,-3.0,-1.0,-3.0,0.0,0.0,0.0,0.0,-3.0,0.0,-30.704392181370906,-46.33008456151732,-15.625692380146404,-0.0026963525010229587,0.0026963525010228477,-59.78421919111036,-97.22432000930631,0.0025692935315604908,0.001490743768584768,-6.407677956594143,-1.4584527048855591,-72.96074847523437,-4.073728267654076,-0.006461275354977536,0.0064612753549771204,-0.03508771929824561,-0.03801169590643272,0.03125,-0.5,0.006793478260869512,0.0,0.024456521739130488,0.0,0.0,-2.18719581827504,-0.057284313682226085,-0.3537228658317861,-0.004571861017992979,-7.0,0.031746031746031744,0.0,0.0,-3.0035859999999985,-2.0064139999999995,0.0,0.0,0.0,0.0,0.0,0.0,0.004273504273504286,-0.3084199999999986,-4.7369999999999814,-1.4210854715202004e-14,-1.0,-0.22222222222222232,-17.295985223857315,-14.015650064000056,0.1760892646858565,-144.0,-2.0,-6.0,0.05
19>18,0.0,0.0,0.0,0.0,2.0,2.0,0.0,0.0,0.0,123.38986135505785,2.0,2.0,1.0,0.0,1.0,0.0,1.0,1.0,0.0,45.07769184583708,5.764109638375203,-39.313582207461884,0.0239599551444652,-0.023959955144464917,69.55207772872126,40.573075791327476,-0.0085397426377809,-0.005084099705947921,13.47935021705092,5.185431957779599,50.88926559030971,-0.04746410609749319,0.006240802714419846,-0.006240802714419735,0.0,-0.030075187969924814,0.02163461538461542,1.0,-0.012019230769230728,2.0,0.033653846153846145,0.0,0.0,1.5709878111688091,-0.00647405369226417,0.35125383408339417,-0.0056110111827885325,14.0,-0.0189125295508274,0.0,0.0,3.3400000000000034,0.0,0.0,0.0,0.0,0.0,0.0,0.0,-0.007662835249042141,0.06298000000000004,7.815000000000013,0.0,0.0,-4.440892098500626e-16,29.31905255223103,24.0,0.20693050807367275,361.0,3.0,8.0,-1.877
19>22,0.0,0.0,0.0,0.0,2.0,1.0,0.0,0.0,0.0,16.634767846307568,2.0,1.0,2.0,0.0,0.0,0.0,0.0,2.0,0.0,11.642613318167605,33.46484474933061,21.822231431163004,-0.0043421921163418475,0.004342192116342014,30.215489675169355,67.2302100330694,0.09880871711375253,-0.015324181845871919,-128.25340288699078,16.73787039209904,50.49863140519074,-5.391173337692522,0.01041656689231818,-0.010416566892318109,-0.01842105263157895,-0.01578947368421052,-0.008750000000000036,0.5,-0.006249999999999978,0.5,-0.0024999999999999467,0.5,0.02,0.6604927045407472,-0.008366555961723643,0.17421864484023875,-0.00297405670310838,7.0,-0.0189125295508274,0.0,0.0,2.0387929999999983,1.5992069999999998,0.0,0.0,0.0,0.0,0.0,1.0,0.031746031746031744,0.30518,4.020000000000009,-3.6600000000000112,0.0,-4.440892098500626e-16,15.089451577627985,14.999665652000035,0.015434032584312085,168.0,2.0,4.0,-0.55
19>24,0.0,0.0,0.0,0.0,-3.0,0.0,0.0,0.0,1.0,5.651972729466594,-3.0,0.0,-3.0,0.0,0.0,0.0,0.0,-3.0,0.0,2.259471538720163,-71.69210305690262,-73.9515745956228,0.02788087642510356,-0.027880876425103732,-24.51539309460219,-117.52719028692252,0.0005182687826041921,0.00030212517126326777,-3.2436293457861325,-0.2977760978921822,-65.50342364140329,-3.929207876779316,-0.005518305387338218,0.00551830538733783,-0.03508771929824561,-0.03801169590643272,0.03125,0.25,0.01041666666666663,0.5,0.02083333333333337,0.5,0.02083333333333333,-0.5969040702708313,-0.024871002927951302,-0.11219728925872552,-0.004674887052446897,0.009999999999990905,0.031746031746031744,0.0,0.0,-1.4903789999999972,-2.4996210000000008,0.0,0.0,0.0,0.0,0.0,0.0,0.0,0.3449800000000012,0.27300000000002456,-1.4210854715202004e-14,0.0,0.0,-2.084917193951128,19.945377583999914,0.9846851610668086,0.0,0.0,0.0,-0.86
19>26,0.0,0.0,0.0,0.0,-3.0,0.0,0.0,0.0,1.0,5.651972729466594,-3.0,0.0,-3.0,0.0,0.0,0.0,0.0,-3.0,0.0,-20.25947541833636,-66.49495502230208,-46.2354796039657,0.011682172046772521,-0.011682172046772688,-53.08990527770442,-122.88619940589079,-0.00985348266420219,-0.0058843757794593545,8.664914922988771,6.032876272977518,-131.68793129576943,44.93350085513095,-0.05835790968260635,0.05835790968260604,-0.03508771929824561,-0.03801169590643272,0.03125,0.25,0.01041666666666663,0.5,0.02083333333333337,0.5,0.02083333333333333,-1.2232566167449797,-0.05096902569770745,-0.21364920080687355,-0.00890205003361974,0.009999999999990905,0.031746031746031744,0.0,0.0,-3.113379000000002,-1.896621,0.0,0.0,0.0,0.0,0.0,0.0,0.0,-0.16931999999999947,-4.7789999999999955,-1.4210854715202004e-14,0.0,0.0,-11.228426270049567,3.974928123999917,0.6044363644001409,0.0,0.0,0.0,-0.27
19>36,0.0,0.0,0.0,0.0,1.0,1.0,0.0,0.0,1.0,19.117594490790225,1.0,1.0,1.0,0.0,0.0,0.0,0.0,1.0,0.0,-52.06921902993838,68.27162645452574,120.34084548446413,-0.053986885442218635,0.053986885442218635,-49.670101099958345,84.2038513016753,0.08348771544246766,-0.02052992247328811,-122.07917166564451,23.262397307263054,-3.8314524770171374,20.033859901604444,-0.016618079567570554,0.0166180795675705,0.0,0.0,0.01124999999999998,1.0,0.01375000000000004,0.5,-0.0024999999999999467,0.5,0.02,0.35222846027055965,-0.02069712573253124,0.09418101883765306,-0.0061755617432118215,7.009999999999992,-0.009661835748792258,1.0,0.0,0.8019999999999996,1.7360000000000009,0.0,0.0,0.0,0.0,0.0,1.0,0.031746031746031744,-0.2998199999999989,1.8149999999999975,9.229999999999976,0.0,-4.440892098500626e-16,8.790226951490524,15.994914619999975,0.19256046868980992,168.0,2.0,4.0,-0.55
21>32,0.0,0.0,0.0,0.0,1.0,0.0,0.0,0.0,-1.0,-2.6237172338301207,1.0,0.0,1.0,0.0,0.0,0.0,0.0,1.0,0.0,74.23143715789581,-45.15383097408176,-119.38526813197755,0.05942672456465015,-0.059426724564650264,90.13637701168742,-29.65876564776022,0.003892938422420223,0.002439528147185732,-4.4374589165952045,-2.6948993908820564,54.18702833879979,-25.10942215498558,0.02760891352695527,-0.027608913526955232,-0.006493506493506496,-0.004329004329004321,-0.01923076923076916,-0.5,-0.019230769230769273,0.0,0.0,0.0,0.0,0.27783115588768936,0.010685813687988044,0.08072791517206658,0.0031049198143102423,-0.010000000000019328,-0.011111111111111072,-1.0,0.0,1.2367929999999987,-0.13679300000000086,0.0,0.0,0.0,0.0,0.0,0.0,0.0,0.6050000000000002,2.2049999999999983,-12.889999999999993,0.0,0.0,6.299224626137517,-0.9952489679999984,-0.18741137256429494,0.0,0.0,0.0,1.09
22>19,0.0,0.0,0.0,0.0,-2.0,-1.0,0.0,0.0,0.0,-16.634767846307568,-2.0,-1.0,-2.0,0.0,0.0,0.0,0.0,-2.0,0.0,-11.642613318167605,-33.46484474933061,-21.822231431163004,0.0043421921163418475,-0.004342192116342014,-30.215489675169355,-67.2302100330694,-0.09880871711375253,0.015324181845871919,128.25340288699078,-16.73787039209904,-50.49863140519074,5.391173337692522,-0.01041656689231818,0.010416566892318109,0.01842105263157895,0.01578947368421052,0.008750000000000036,-0.5,0.006249999999999978,-0.5,0.0024999999999999467,-0.5,-0.02,-0.6604927045407472,0.008366555961723643,-0.17421864484023875,0.00297405670310838,-7.0,0.0189125295508274,0.0,0.0,-2.0387929999999983,-1.5992069999999998,0.0,0.0,0.0,0.0,0.0,-1.0,-0.031746031746031744,-0.30518,-4.020000000000009,3.6600000000000112,0.0,4.440892098500626e-16,-15.089451577627985,-14.999665652000035,-0.015434032584312085,-168.0,-2.0,-4.0,0.55
22>36,0.0,0.0,0.0,0.0,-1.0,0.0,0.0,0.0,1.0,2.4828266444826568,-1.0,0.0,-1.0,0.0,0.0,0.0,0.0,-1.0,0.0,-63.71183234810599,34.80678170519513,98.51861405330112,-0.04964469332587679,0.04964469332587662,-79.88559077512771,16.973641268605892,-0.015321001671284862,-0.005205740627416189,6.174231221346303,6.524526915164017,-54.33008388220787,25.425033239296965,-0.02703464645988873,0.02703464645988861,0.01842105263157895,0.01578947368421052,0.020000000000000014,0.5,0.020000000000000014,0.0,0.0,0.0,0.0,-0.3082642442701875,-0.012330569770807598,-0.08003762600258567,-0.0032015050401034413,0.009999999999990905,0.009250693802035135,1.0,0.0,-1.2367929999999987,0.13679300000000086,0.0,0.0,0.0,0.0,0.0,0.0,0.0,-0.6049999999999989,-2.2050000000000125,12.889999999999983,0.0,0.0,-6.299224626137459,0.9952489679999416,0.17712643610549786,0.0,0.0,0.0,0.0
23>28,0.0,0.0,0.0,0.0,3.0,0.0,0.0,0.0,-1.0,-5.86882973166655,3.0,0.0,3.0,0.0,0.0,0.0,0.0,3.0,0.0,-2.6074176743663315,73.79458567090012,76.40200334526645,-0.03004829509367352,0.030048295093673905,28.567278817592467,123.24924255992846,-0.0004089352317538375,-0.0002609232878366119,-14.671699892170752,0.2975055595536844,69.33373305067073,1.8534349458628296,0.007076908065242304,-0.007076908065242166,0.038961038961038974,0.04112554112554112,-0.027777777777777683,-0.25,-0.0092592592592593,-0.5,-0.01851851851851849,-0.5,-0.018518518518518517,0.6039615022084348,0.02236894452623828,0.11219728925872552,0.004155455157730581,-0.009999999999990905,-0.03194444444444438,0.0,0.0,1.4903789999999972,2.4996210000000008,0.0,0.0,0.0,0.0,0.0,0.0,0.0,-0.3449800000000021,-0.2729999999999961,1.4210854715202004e-14,0.0,-8.881784197001252e-16,2.084917193951128,-19.945377583999857,-0.9393014292445674,0.0,0.0,0.0,0.93
23>30,0.0,0.0,0.0,0.0,1.0,1.0,0.0,0.0,0.0,81.30366798603302,1.0,1.0,0.0,0.0,1.0,0.0,1.0,0.0,0.0,-13.172204387890927,23.694270357747197,36.86647474563813,-0.016980426814096727,0.016980426814096842,-9.068369244547682,30.869813898709026,-0.008754928252770994,-0.005700706132885508,9.179304999426108,6.747077617247015,9.365399893048448,1.1566660768077952,0.00025922545778900297,-0.0002592254577889197,0.0,-0.004329004329004321,0.057539682539682564,0.5,-0.005291005291005235,2.5,0.0628306878306879,-0.5,-0.018518518518518517,-0.2210612271717025,-0.035270654145375,-0.02410403231782876,-0.00802788161549678,7.0,-0.011111111111111072,1.0,0.0,0.5900000000000034,0.060000000000002274,0.0,0.0,0.0,0.0,0.0,0.0,-0.0032258064516129115,-0.7817200000000004,-0.2950000000000017,23.789999999999992,0.0,0.0,7.808759896187439,-8.96577867999997,-0.3770900511575306,202.0,2.0,4.0,0.99
23>31,0.0,0.0,0.0,0.0,0.0,0.0,0.0,0.0,0.0,0.0,0.0,0.0,0.0,0.0,0.0,0.0,0.0,0.0,0.0,-24.06074992348147,8.598917657248307,32.65966758072977,-0.017173331879698158,0.017173331879698273,-31.256865121362978,-0.3778870331467488,-0.008237305326393746,-0.005356845325405314,-4.045582543578121,6.3249007985635615,-65.89193147468688,50.43009920845356,-0.05173670783819151,0.0517367078381914,0.0,0.0,0.0,0.0,0.0,0.0,0.0,0.0,0.0,-0.6339727724729656,-0.023480473054554363,-0.10145191154814713,-0.0037574782054869142,0.0,0.0,0.0,0.0,-1.6229999999999976,0.6030000000000015,0.0,0.0,0.0,0.0,0.0,0.0,0.0,-0.5143000000000002,-5.0519999999999925,0.0,0.0,0.0,-9.14350907609844,-15.970449459999998,-0.354898876888889,0.0,0.0,0.0,0.7
23>35,0.0,0.0,0.0,0.0,0.0,-1.0,0.0,0.0,-1.0,-65.22577787594707,0.0,-1.0,0.0,0.0,0.0,0.0,0.0,0.0,0.0,-9.488071465719315,4.9277773593421434,14.415848825061461,-0.007341912981535914,0.0073419129815360815,-11.750425326869507,2.3703955707616156,0.0002224671796009769,0.00014173087530600093,-7.635115954816655,-0.16116507108617384,4.561430291138322,-9.121724397515552,0.008286614824591476,-0.008286614824591365,0.0,0.0,0.005341880341880323,-0.75,-0.0039173789173788665,-0.5,0.0092592592592593,-0.5,-0.018518518518518517,-1.6316221076027055,-0.03327326995015045,-0.2423409845460771,-0.0016024742934613867,-7.009999999999992,0.0,0.0,0.0,-1.5132070000000013,0.4932070000000017,0.0,0.0,0.0,0.0,0.0,0.0,0.0034482758620689585,-0.6534000000000002,-5.010000000000005,0.0,-1.0,-0.22222222222222232,-15.211068029906302,-33.96102764799997,-0.7546895032888887,-175.0,-2.0,-6.0,1.82
24>02,0.0,0.0,0.0,0.0,1.0,0.0,0.0,0.0,-1.0,-2.4068602316300485,1.0,0.0,1.0,0.0,0.0,0.0,0.0,1.0,0.0,58.22544736658085,-33.24763729481504,-91.47308466139587,0.04780244446612625,-0.04780244446612636,68.66950210917332,-18.681251559415838,0.00911029987053727,0.005195730550277722,-3.2665498048688453,-4.950551027479406,43.88049037424128,-18.902680302475176,0.02212491603806044,-0.02212491603806023,-0.017543859649122806,-0.0146198830409357,-0.02083333333333326,-0.5,-0.02083333333333326,0.0,0.0,0.0,0.0,0.2992735714927015,0.012469732145529266,0.0800376260025848,0.0033349010834410327,-0.009999999999990905,-0.011074197120708729,-1.0,0.0,1.2367929999999987,-0.13679299999999728,0.0,0.0,0.0,0.0,0.0,0.0,0.0,0.605,2.2049999999999983,-12.889999999999993,0.0,0.0,6.299224626137459,-0.9952489679999416,-0.2120248183566389,0.0,0.0,0.0,-0.14
24>12,0.0,0.0,0.0,0.0,1.0,1.0,0.0,0.0,0.0,24.952192079634532,1.0,1.0,1.0,0.0,0.0,0.0,0.0,1.0,0.0,94.12833320682364,-57.42848578233645,-151.5568189891601,0.07780239510726789,-0.07780239510726794,110.68986843608906,-36.81203281279818,0.010908963846223365,0.006196441456542161,-6.074627426670588,-5.868498707011554,57.51876969797401,-20.818922273486663,0.025350259198347325,-0.025350259198347186,-0.017543859649122806,-0.0146198830409357,-0.020000000000000014,0.25,-0.01666666666666661,0.5,-0.0033333333333334107,0.5,0.01916666666666667,2.0359636306221915,0.04764712119865211,0.3208729134061654,0.003079109521626572,7.0,-0.011074197120708729,-1.0,0.0,2.75,-0.629999999999999,0.0,0.0,0.0,0.0,0.0,0.0,-0.003968253968253968,1.2584000000000006,7.2150000000000025,-12.889999999999993,1.0,0.0,21.51029265604365,32.965778679999964,0.5777665222945227,148.0,2.0,6.0,-0.4
24>15,0.0,0.0,0.0,0.0,0.0,-1.0,0.0,0.0,-1.0,-63.41407717809568,0.0,-1.0,0.0,0.0,0.0,0.0,0.0,0.0,0.0,-32.96386372009107,25.362018495385318,58.325882215476376,-0.030577228926126517,0.030577228926126576,-35.26882609650818,20.302870277616197,0.0020510247489562983,0.0011886185973215002,-3.1640486108080097,-1.160676606993377,-7.45732483383108,-0.1445203908747601,-0.0009429699676393176,0.0009429699676392901,0.0,0.0,0.0,-0.75,-0.003623188405797117,-0.5,0.003623188405797117,-0.5,-0.02083333333333333,-1.5902917480042085,-0.03241331075427478,-0.24152557657306065,0.000103026034453918,-7.009999999999992,0.0,0.0,0.0,-1.5132070000000013,0.4932070000000017,0.0,0.0,0.0,0.0,0.0,0.0,0.004273504273504286,-0.6533999999999998,-5.010000000000005,0.0,-1.0,-0.22222222222222232,-15.211068029906187,-33.96102764799997,-0.8085958963809521,-144.0,-2.0,-6.0,0.91
24>19,0.0,0.0,0.0,0.0,3.0,0.0,0.0,0.0,-1.0,-5.651972729466594,3.0,0.0,3.0,0.0,0.0,0.0,0.0,3.0,0.0,-2.259471538720163,71.69210305690262,73.9515745956228,-0.02788087642510356,0.027880876425103732,24.51539309460219,117.52719028692252,-0.0005182687826041921,-0.00030212517126326777,3.2436293457861325,0.2977760978921822,65.50342364140329,3.929207876779316,0.005518305387338218,-0.00551830538733783,0.03508771929824561,0.03801169590643272,-0.03125,-0.25,-0.01041666666666663,-0.5,-0.02083333333333337,-0.5,-0.02083333333333333,0.5969040702708313,0.024871002927951302,0.11219728925872552,0.004674887052446897,-0.009999999999990905,-0.031746031746031744,0.0,0.0,1.4903789999999972,2.4996210000000008,0.0,0.0,0.0,0.0,0.0,0.0,0.0,-0.3449800000000012,-0.27300000000002456,1.4210854715202004e-14,0.0,0.0,2.084917193951128,-19.945377583999914,-0.9846851610668086,0.0,0.0,0.0,0.86
24>26,0.0,0.0,0.0,0.0,0.0,0.0,0.0,0.0,0.0,0.0,0.0,0.0,0.0,0.0,0.0,0.0,0.0,0.0,0.0,-22.51894695705653,5.197148034600559,27.71609499165709,-0.01619870437833104,0.01619870437833104,-28.574512183102232,-5.359009118968288,-0.010371751446806382,-0.006186500950722622,11.908544268774905,6.3306523708697,-66.18450765436614,48.86270873191026,-0.052839604295268135,0.05283960429526821,0.0,0.0,0.0,0.0,0.0,0.0,0.0,0.0,0.0,-0.6263525464741484,-0.026098022769756143,-0.10145191154814803,-0.004227162981172844,0.0,0.0,0.0,0.0,-1.6230000000000049,0.6030000000000015,0.0,0.0,0.0,0.0,0.0,0.0,0.0,-0.5143000000000006,-5.052000000000022,0.0,0.0,0.0,-9.14350907609844,-15.970449459999998,-0.3802487966666677,0.0,0.0,0.0,0.59
24>34,0.0,0.0,0.0,0.0,4.0,1.0,0.0,0.0,-1.0,41.2291404394789,4.0,1.0,4.0,0.0,0.0,0.0,0.0,4.0,0.0,96.17369856903395,-4.54060925062504,-100.71430781965898,0.05578895890847951,-0.055788958908479465,139.3557423662823,50.13797267622431,0.0037673482647284646,0.0021839152538163376,-1.248071700131419,-2.1194918795728483,119.54141069492368,-27.90832137651445,0.03778121326839645,-0.037781213268396084,0.016666666666666663,0.0222222222222222,-0.05000000000000005,0.0,-0.026666666666666616,0.0,-0.023333333333333317,0.0,-0.0008333333333333318,3.293439795492628,0.09794616779346954,0.4341845596810137,0.0076115753726204985,6.990000000000008,-0.041407867494823995,-1.0,0.0,4.240378999999997,1.8696210000000024,0.0,0.0,0.0,0.0,0.0,0.0,-0.003968253968253968,0.9951000000000004,6.822000000000003,-12.889999999999993,1.0,1.166666666666666,23.59520984999477,13.020401096000116,-0.4231928649856931,116.0,3.0,8.0,0.7
25>27,0.0,0.0,0.0,0.0,3.0,1.0,0.0,0.0,0.0,15.905083351008447,3.0,1.0,3.0,0.0,0.0,0.0,0.0,3.0,0.0,65.31649937015663,12.879349938815267,-52.437149431341375,0.02816814732749784,-0.028168147327497506,115.38412940001035,70.17372626169526,-0.0045817155895731,-0.0012144363019157554,-19.892884088549366,1.6892598801085796,83.10725695485621,-4.9114076458844815,0.011584002851141141,-0.01158400285114092,0.03442028985507248,0.036231884057971016,-0.02924876847290658,0.5,-0.004618226600985209,0.0,-0.024630541871921152,0.0,-0.0006157635467980287,1.909081049516356,0.038775942052519,0.5573210884475044,0.01219249373608,7.0,-0.02603773584905661,0.0,0.0,3.0035859999999985,2.0064139999999995,0.0,0.0,0.0,0.0,0.0,1.0,0.027217741935483875,0.3901000000000001,4.61699999999999,0.0,0.0,0.0,17.295985223857315,14.015650064000056,-0.15687904033670552,230.0,1.0,4.0,0.52
25>32,0.0,0.0,0.0,0.0,-4.0,-2.0,0.0,0.0,-1.0,-79.10698949898267,-4.0,-2.0,-4.0,0.0,0.0,0.0,0.0,-4.0,0.0,30.301195312953038,-123.22425207344871,-153.52544738640174,0.06343893788969779,-0.06343893788969779,-10.035413537316801,-194.56904507071374,-0.08612762605369467,0.017053261234462963,130.62863368548503,-20.874676783319075,-72.73658428581255,-20.186472474682898,0.00867896993342787,-0.008678969933427705,-0.03754940711462451,-0.03952569169960474,0.02678571428571419,-1.5,-0.008928571428571397,-0.5,0.0357142857142857,-0.5,-0.017857142857142856,-2.604214619640974,-0.039809890755937216,-0.44721359549995743,-0.0015283098191380404,-14.01000000000002,0.03999999999999998,-1.0,0.0,-3.805585999999998,-3.742414,0.0,0.0,0.0,0.0,0.0,-1.0,-0.025583982202447158,-0.008599999999998609,-6.552000000000022,-9.229999999999997,-1.0,-0.22222222222222146,-26.086212175347896,-30.010564684000144,-0.005150269888541281,-377.0,-4.0,-10.0,1.7
26>19,0.0,0.0,0.0,0.0,3.0,0.0,0.0,0.0,-1.0,-5.651972729466594,3.0,0.0,3.0,0.0,0.0,0.0,0.0,3.0,0.0,20.25947541833636,66.49495502230208,46.2354796039657,-0.011682172046772521,0.011682172046772688,53.08990527770442,122.88619940589079,0.00985348266420219,0.0058843757794593545,-8.664914922988771,-6.032876272977518,131.68793129576943,-44.93350085513095,0.05835790968260635,-0.05835790968260604,0.03508771929824561,0.03801169590643272,-0.03125,-0.25,-0.01041666666666663,-0.5,-0.02083333333333337,-0.5,-0.02083333333333333,1.2232566167449797,0.05096902569770745,0.21364920080687355,0.00890205003361974,-0.009999999999990905,-0.031746031746031744,0.0,0.0,3.113379000000002,1.896621,0.0,0.0,0.0,0.0,0.0,0.0,0.0,0.16931999999999947,4.7789999999999955,1.4210854715202004e-14,0.0,0.0,11.228426270049567,-3.974928123999917,-0.6044363644001409,0.0,0.0,0.0,0.27
26>24,0.0,0.0,0.0,0.0,0.0,0.0,0.0,0.0,0.0,0.0,0.0,0.0,0.0,0.0,0.0,0.0,0.0,0.0,0.0,22.51894695705653,-5.197148034600559,-27.71609499165709,0.01619870437833104,-0.01619870437833104,28.574512183102232,5.359009118968288,0.010371751446806382,0.006186500950722622,-11.908544268774905,-6.3306523708697,66.18450765436614,-48.86270873191026,0.052839604295268135,-0.05283960429526821,0.0,0.0,0.0,0.0,0.0,0.0,0.0,0.0,0.0,0.6263525464741484,0.026098022769756143,0.10145191154814803,0.004227162981172844,0.0,0.0,0.0,0.0,1.6230000000000049,-0.6030000000000015,0.0,0.0,0.0,0.0,0.0,0.0,0.0,0.5143000000000006,5.052000000000022,0.0,0.0,0.0,9.14350907609844,15.970449459999998,0.3802487966666677,0.0,0.0,0.0,-0.59
26>36,0.0,0.0,0.0,0.0,4.0,1.0,0.0,0.0,0.0,13.465621761323634,4.0,1.0,4.0,0.0,0.0,0.0,0.0,4.0,0.0,-31.809743611602016,134.76658147682778,166.57632508842985,-0.06566905748899116,0.06566905748899132,3.419804177746073,207.09005070756612,0.09334119810666984,-0.014645546693828754,-130.74408658863328,17.22952103428554,127.8564788187523,-24.8996409535265,0.041739830115035785,-0.041739830115035535,0.03508771929824561,0.03801169590643272,-0.020000000000000014,0.75,0.0033333333333334107,0.0,-0.023333333333333317,0.0,-0.0008333333333333318,1.5754850770155393,0.030271899965176208,0.3078302196445266,0.002726488290407919,7.0,-0.041407867494823995,1.0,0.0,3.9153790000000015,3.632621,0.0,0.0,0.0,0.0,0.0,1.0,0.031746031746031744,-0.1304999999999994,6.593999999999994,9.22999999999999,0.0,-4.440892098500626e-16,20.018653221540088,12.019986496000056,-0.41187589571033095,168.0,2.0,4.0,-0.28
27>25,0.0,0.0,0.0,0.0,-3.0,-1.0,0.0,0.0,0.0,-15.905083351008447,-3.0,-1.0,-3.0,0.0,0.0,0.0,0.0,-3.0,0.0,-65.31649937015663,-12.879349938815267,52.437149431341375,-0.02816814732749784,0.028168147327497506,-115.38412940001035,-70.17372626169526,0.0045817155895731,0.0012144363019157554,19.892884088549366,-1.6892598801085796,-83.10725695485621,4.9114076458844815,-0.011584002851141141,0.01158400285114092,-0.03442028985507248,-0.036231884057971016,0.02924876847290658,-0.5,0.004618226600985209,0.0,0.024630541871921152,0.0,0.0006157635467980287,-1.909081049516356,-0.038775942052519,-0.5573210884475044,-0.01219249373608,-7.0,0.02603773584905661,0.0,0.0,-3.0035859999999985,-2.0064139999999995,0.0,0.0,0.0,0.0,0.0,-1.0,-0.027217741935483875,-0.3901000000000001,-4.61699999999999,0.0,0.0,0.0,-17.295985223857315,-14.015650064000056,0.15687904033670552,-230.0,-1.0,-4.0,-0.52
27>32,0.0,0.0,0.0,0.0,-7.0,-3.0,0.0,0.0,-1.0,-95.01207284999113,-7.0,-3.0,-7.0,0.0,0.0,0.0,0.0,-7.0,0.0,-35.015304057203586,-136.103602012264,-101.08829795506041,0.03527079056219995,-0.03527079056220028,-125.41954293732715,-264.742771332409,-0.08154591046412157,0.01826769753637872,150.5215177740344,-22.563936663427647,-155.84384124066878,-15.27506482879842,-0.0029050329177132683,0.002905032917713213,-0.07196969696969699,-0.07575757575757575,0.05603448275862077,-2.0,-0.004310344827586189,-0.5,0.06034482758620685,-0.5,-0.017241379310344827,-4.51329566915733,-0.07858583280845621,-1.0045346839474618,-0.013720803555218042,-21.01000000000002,0.06603773584905659,-1.0,0.0,-6.809171999999998,-5.748828,0.0,0.0,0.0,0.0,0.0,-2.0,-0.052801724137931036,-0.3986999999999987,-11.169000000000011,-9.229999999999997,-1.0,-0.22222222222222146,-43.38219739920521,-44.0262147480002,0.15172877044816424,-607.0,-5.0,-14.0,1.18
28>23,0.0,0.0,0.0,0.0,-3.0,0.0,0.0,0.0,1.0,5.86882973166655,-3.0,0.0,-3.0,0.0,0.0,0.0,0.0,-3.0,0.0,2.6074176743663315,-73.79458567090012,-76.40200334526645,0.03004829509367352,-0.030048295093673905,-28.567278817592467,-123.24924255992846,0.0004089352317538375,0.0002609232878366119,14.671699892170752,-0.2975055595536844,-69.33373305067073,-1.8534349458628296,-0.007076908065242304,0.007076908065242166,-0.038961038961038974,-0.04112554112554112,0.027777777777777683,0.25,0.0092592592592593,0.5,0.01851851851851849,0.5,0.018518518518518517,-0.6039615022084348,-0.02236894452623828,-0.11219728925872552,-0.004155455157730581,0.009999999999990905,0.03194444444444438,0.0,0.0,-1.4903789999999972,-2.4996210000000008,0.0,0.0,0.0,0.0,0.0,0.0,0.0,0.3449800000000021,0.2729999999999961,-1.4210854715202004e-14,0.0,8.881784197001252e-16,-2.084917193951128,19.945377583999857,0.9393014292445674,0.0,0.0,0.0,-0.93
28>30,0.0,0.0,0.0,0.0,-2.0,1.0,0.0,0.0,1.0,87.17249771769957,-2.0,1.0,-3.0,0.0,1.0,0.0,1.0,-3.0,0.0,-10.564786713524596,-50.100315313152926,-39.53552859962832,0.013067868279576787,-0.013067868279577066,-37.63564806214015,-92.37942866121945,-0.008345993021017156,-0.005439782845048896,23.851004891596855,6.449572057693331,-59.96833315762228,-0.6967688690550347,-0.006817682607453302,0.006817682607453246,-0.038961038961038974,-0.045454545454545435,0.08531746031746024,0.75,0.003968253968254065,3.0,0.0813492063492064,0.0,0.0,-0.8250227293801373,-0.05763959867161327,-0.13630132157655428,-0.01218333677322736,7.009999999999992,0.020833333333333315,1.0,0.0,-0.9003789999999938,-2.439620999999999,0.0,0.0,0.0,0.0,0.0,0.0,-0.0032258064516129115,-0.4367399999999984,-0.022000000000005567,23.789999999999978,0.0,8.881784197001252e-16,5.723842702236311,10.979598903999886,0.5622113780870368,202.0,2.0,4.0,0.06
30>23,0.0,0.0,0.0,0.0,-1.0,-1.0,0.0,0.0,0.0,-81.30366798603302,-1.0,-1.0,0.0,0.0,-1.0,0.0,-1.0,0.0,0.0,13.172204387890927,-23.694270357747197,-36.86647474563813,0.016980426814096727,-0.016980426814096842,9.068369244547682,-30.869813898709026,0.008754928252770994,0.005700706132885508,-9.179304999426108,-6.747077617247015,-9.365399893048448,-1.1566660768077952,-0.00025922545778900297,0.0002592254577889197,0.0,0.004329004329004321,-0.057539682539682564,-0.5,0.005291005291005235,-2.5,-0.0628306878306879,0.5,0.018518518518518517,0.2210612271717025,0.035270654145375,0.02410403231782876,0.00802788161549678,-7.0,0.011111111111111072,-1.0,0.0,-0.5900000000000034,-0.060000000000002274,0.0,0.0,0.0,0.0,0.0,0.0,0.0032258064516129115,0.7817200000000004,0.2950000000000017,-23.789999999999992,0.0,0.0,-7.808759896187439,8.96577867999997,0.3770900511575306,-202.0,-2.0,-4.0,-0.99
30>28,0.0,0.0,0.0,0.0,2.0,-1.0,0.0,0.0,-1.0,-87.17249771769957,2.0,-1.0,3.0,0.0,-1.0,0.0,-1.0,3.0,0.0,10.564786713524596,50.100315313152926,39.53552859962832,-0.013067868279576787,0.013067868279577066,37.63564806214015,92.37942866121945,0.008345993021017156,0.005439782845048896,-23.851004891596855,-6.449572057693331,59.96833315762228,0.6967688690550347,0.006817682607453302,-0.006817682607453246,0.038961038961038974,0.045454545454545435,-0.08531746031746024,-0.75,-0.003968253968254065,-3.0,-0.0813492063492064,0.0,0.0,0.8250227293801373,0.05763959867161327,0.13630132157655428,0.01218333677322736,-7.009999999999992,-0.020833333333333315,-1.0,0.0,0.9003789999999938,2.439620999999999,0.0,0.0,0.0,0.0,0.0,0.0,0.0032258064516129115,0.4367399999999984,0.022000000000005567,-23.789999999999978,0.0,-8.881784197001252e-16,-5.723842702236311,-10.979598903999886,-0.5622113780870368,-202.0,-2.0,-4.0,-0.06
31>23,0.0,0.0,0.0,0.0,0.0,0.0,0.0,0.0,0.0,0.0,0.0,0.0,0.0,0.0,0.0,0.0,0.0,0.0,0.0,24.06074992348147,-8.598917657248307,-32.65966758072977,0.017173331879698158,-0.017173331879698273,31.256865121362978,0.3778870331467488,0.008237305326393746,0.005356845325405314,4.045582543578121,-6.3249007985635615,65.89193147468688,-50.43009920845356,0.05173670783819151,-0.0517367078381914,0.0,0.0,0.0,0.0,0.0,0.0,0.0,0.0,0.0,0.6339727724729656,0.023480473054554363,0.10145191154814713,0.0037574782054869142,0.0,0.0,0.0,0.0,1.6229999999999976,-0.6030000000000015,0.0,0.0,0.0,0.0,0.0,0.0,0.0,0.5143000000000002,5.0519999999999925,0.0,0.0,0.0,9.14350907609844,15.970449459999998,0.354898876888889,0.0,0.0,0.0,-0.7
31>35,0.0,0.0,0.0,0.0,0.0,-1.0,0.0,0.0,-1.0,-65.22577787594707,0.0,-1.0,0.0,0.0,0.0,0.0,0.0,0.0,0.0,14.572678457762153,-3.671140297906163,-18.243818755668315,0.00983141889816225,-0.009831418898162192,19.506439794493478,2.7482826039083648,0.008459772505994723,0.005498576200711314,-3.5895334112385338,-6.486065869649735,70.4533617658252,-59.551823605969105,0.060023322662782985,-0.06002332266278276,0.0,0.0,0.005341880341880323,-0.75,-0.0039173789173788665,-0.5,0.0092592592592593,-0.5,-0.018518518518518517,-0.99764933512974,-0.00979279689559609,-0.14088907299792994,0.002155003912025527,-7.009999999999992,0.0,0.0,0.0,0.10979299999999624,-0.1097929999999998,0.0,0.0,0.0,0.0,0.0,0.0,0.0034482758620689585,-0.1391,0.04199999999998738,0.0,-1.0,-0.22222222222222232,-6.067558953807862,-17.990578187999972,-0.3997906263999997,-175.0,-2.0,-6.0,1.12
32>03,0.0,0.0,0.0,0.0,4.0,2.0,0.0,0.0,1.0,61.856989498982564,4.0,2.0,4.0,0.0,0.0,0.0,0.0,4.0,0.0,-31.388690304189023,122.5391734688876,153.92786377307664,-0.0637788823283656,0.06377888232836547,7.988617338191034,192.5512943244545,0.08618875753883047,-0.01703428020204295,-125.95711011334015,20.84851533129134,68.8739002480255,22.27658291667298,-0.010687138614823066,0.010687138614822914,0.03754940711462451,0.03952569169960474,-0.02678571428571419,1.5,0.008928571428571397,0.5,-0.0357142857142857,0.5,0.017857142857142856,2.463865204050673,0.034797411627712105,0.44721359549995743,0.0015283098191380404,14.01000000000002,-0.03999999999999998,1.0,0.0,3.805585999999998,3.742414,0.0,0.0,0.0,0.0,0.0,1.0,0.025583982202447158,0.008599999999997944,6.5520000000000085,9.229999999999997,1.0,0.4444444444444429,26.086212175347896,30.010564684000144,0.005150269888541281,417.0,4.0,10.0,0.08
32>05,0.0,0.0,0.0,0.0,-2.0,0.0,0.0,0.0,2.0,4.814180739999983,-2.0,0.0,-2.0,0.0,0.0,0.0,0.0,-2.0,0.0,-119.57887996411148,63.754960171385854,183.33384013549733,-0.09418099027320492,0.0941809902732047,-146.33290265853236,31.71954712618549,-0.01470514298169598,-0.0094601761877611,22.56911254154818,10.964294601629517,-98.33096510168356,42.507045308957814,-0.04871751117828305,0.04871751117828276,0.013636363636363641,0.009090909090909094,0.03846153846153855,1.0,0.038461538461538436,0.0,0.0,0.0,0.0,-0.5730880059236085,-0.02204184638167728,-0.16180946247673236,-0.006223440864489699,0.020000000000010232,0.02272727272727271,2.0,0.0,-2.4735859999999974,0.2735860000000017,0.0,0.0,0.0,0.0,0.0,0.0,0.0,-1.2100000000000006,-4.409999999999997,25.78000000000001,0.0,0.0,-12.598449252275033,1.990497935999997,0.3833414438815126,0.0,0.0,0.0,-1.41
32>21,0.0,0.0,0.0,0.0,-1.0,0.0,0.0,0.0,1.0,2.6237172338301207,-1.0,0.0,-1.0,0.0,0.0,0.0,0.0,-1.0,0.0,-74.23143715789581,45.15383097408176,119.38526813197755,-0.05942672456465015,0.059426724564650264,-90.13637701168742,29.65876564776022,-0.003892938422420223,-0.002439528147185732,4.4374589165952045,2.6948993908820564,-54.18702833879979,25.10942215498558,-0.02760891352695527,0.027608913526955232,0.006493506493506496,0.004329004329004321,0.01923076923076916,0.5,0.019230769230769273,0.0,0.0,0.0,0.0,-0.27783115588768936,-0.010685813687988044,-0.08072791517206658,-0.0031049198143102423,0.010000000000019328,0.011111111111111072,1.0,0.0,-1.2367929999999987,0.13679300000000086,0.0,0.0,0.0,0.0,0.0,0.0,0.0,-0.6050000000000002,-2.2049999999999983,12.889999999999993,0.0,0.0,-6.299224626137517,0.9952489679999984,0.18741137256429494,0.0,0.0,0.0,-1.09
32>25,0.0,0.0,0.0,0.0,4.0,2.0,0.0,0.0,1.0,79.10698949898267,4.0,2.0,4.0,0.0,0.0,0.0,0.0,4.0,0.0,-30.301195312953038,123.22425207344871,153.52544738640174,-0.06343893788969779,0.06343893788969779,10.035413537316801,194.56904507071374,0.08612762605369467,-0.017053261234462963,-130.62863368548503,20.874676783319075,72.73658428581255,20.186472474682898,-0.00867896993342787,0.008678969933427705,0.03754940711462451,0.03952569169960474,-0.02678571428571419,1.5,0.008928571428571397,0.5,-0.0357142857142857,0.5,0.017857142857142856,2.604214619640974,0.039809890755937216,0.44721359549995743,0.0015283098191380404,14.01000000000002,-0.03999999999999998,1.0,0.0,3.805585999999998,3.742414,0.0,0.0,0.0,0.0,0.0,1.0,0.025583982202447158,0.008599999999998609,6.552000000000022,9.229999999999997,1.0,0.22222222222222146,26.086212175347896,30.010564684000144,0.005150269888541281,377.0,4.0,10.0,-1.7
32>27,0.0,0.0,0.0,0.0,7.0,3.0,0.0,0.0,1.0,95.01207284999113,7.0,3.0,7.0,0.0,0.0,0.0,0.0,7.0,0.0,35.015304057203586,136.103602012264,101.08829795506041,-0.03527079056219995,0.03527079056220028,125.41954293732715,264.742771332409,0.08154591046412157,-0.01826769753637872,-150.5215177740344,22.563936663427647,155.84384124066878,15.27506482879842,0.0029050329177132683,-0.002905032917713213,0.07196969696969699,0.07575757575757575,-0.05603448275862077,2.0,0.004310344827586189,0.5,-0.06034482758620685,0.5,0.017241379310344827,4.51329566915733,0.07858583280845621,1.0045346839474618,0.013720803555218042,21.01000000000002,-0.06603773584905659,1.0,0.0,6.809171999999998,5.748828,0.0,0.0,0.0,0.0,0.0,2.0,0.052801724137931036,0.3986999999999987,11.169000000000011,9.229999999999997,1.0,0.22222222222222146,43.38219739920521,44.0262147480002,-0.15172877044816424,607.0,5.0,14.0,-1.18
32>35,0.0,0.0,0.0,0.0,-1.0,0.0,0.0,0.0,1.0,2.6237172338301207,-1.0,0.0,-1.0,0.0,0.0,0.0,0.0,-1.0,0.0,-49.97991266850943,21.67217121775002,71.65208388625945,-0.036092029997873636,0.03609202999787353,-64.93625543216837,6.038068720109664,-0.00528607387707522,-0.003323639576371773,15.58319536678758,3.693356420608353,-42.86376233864792,14.556020887888524,-0.017221313678676298,0.017221313678676232,0.006493506493506496,0.004329004329004321,0.01923076923076916,0.5,0.019230769230769273,0.0,0.0,0.0,0.0,-0.2996505275067278,-0.011525020288720378,-0.08154332314508395,-0.0031362816594263103,0.010000000000019328,0.011111111111111072,1.0,0.0,-1.2367929999999987,0.13679300000000086,0.0,0.0,0.0,0.0,0.0,0.0,0.0,-0.6050000000000002,-2.2049999999999983,12.889999999999993,0.0,0.0,-6.299224626137517,0.9952489679999984,0.18741137256429494,0.0,0.0,0.0,-0.33
33>06,0.0,0.0,0.0,0.0,-1.0,0.0,0.0,0.0,1.0,2.190463506169749,-1.0,0.0,-1.0,0.0,0.0,0.0,0.0,-1.0,0.0,-46.675625830111244,14.963125573083856,61.6387514031951,-0.032240169221636805,0.03224016922163686,-61.59993846610297,-2.9016020020452515,-0.007851042605229147,-0.005182493390466003,-2.3093443621216068,6.1863293866110505,-73.35087872725933,41.63837847023186,-0.04539116435295909,0.04539116435295906,0.007142857142857145,0.004761904761904773,0.0185185185185186,0.5,0.01851851851851849,0.0,0.0,0.0,0.0,-0.2677342750169238,-0.009916084259886104,-0.07528473600712804,-0.0027883235558195663,0.009999999999990905,0.011616161616161635,1.0,0.0,-1.2367929999999987,0.13679300000000086,0.0,0.0,0.0,0.0,0.0,0.0,0.0,-0.6049999999999998,-2.2050000000000125,12.890000000000017,0.0,0.0,-6.2992246261376295,0.9952489679999416,0.2130821054828722,0.0,0.0,0.0,-0.03
33>08,0.0,0.0,0.0,0.0,-1.0,0.0,0.0,0.0,1.0,2.1904635061698627,-1.0,0.0,-1.0,0.0,0.0,0.0,0.0,-1.0,0.0,-42.49616871204466,14.514280970095456,57.01044968214012,-0.029646937029427996,0.029646937029427774,-55.82480867172552,-1.1932537487425634,-0.008099852640010062,-0.005256967645032973,16.401389765471293,6.278505417171289,-38.36038268171535,10.378494939766114,-0.013668292188321884,0.013668292188321746,0.007142857142857145,0.004761904761904773,0.0185185185185186,0.5,0.01851851851851849,0.0,0.0,0.0,0.0,-0.3337859016579721,-0.0123624408021471,-0.0795405538027758,-0.002945946437139857,0.009999999999990905,0.011616161616161635,1.0,0.0,-1.2367929999999987,0.13679300000000086,0.0,0.0,0.0,0.0,0.0,0.0,0.0,-0.6050000000000002,-2.2049999999999983,12.890000000000017,0.0,0.0,-6.299224626137517,0.9952489679999984,0.213082105482874,0.0,0.0,0.0,0.19
34>02,0.0,0.0,0.0,0.0,-3.0,-1.0,0.0,0.0,0.0,-43.63600067110895,-3.0,-1.0,-3.0,0.0,0.0,0.0,0.0,-3.0,0.0,-37.94825120245309,-28.70702804419,9.241223158263095,-0.007986514442353265,0.007986514442353099,-70.68624025710898,-68.81922423564015,0.0053429516058088045,0.003011815296461384,-2.018478104737426,-2.831059147906558,-75.66092032068241,9.005641074039275,-0.015656297230336014,0.01565629723033586,-0.03421052631578947,-0.0368421052631579,0.02916666666666678,-0.5,0.005833333333333357,0.0,0.023333333333333317,0.0,0.0008333333333333318,-2.9941662239999265,-0.08547643564794027,-0.3541469336784289,-0.004276674289179465,-7.0,0.030333670374115274,0.0,0.0,-3.0035859999999985,-2.0064139999999995,0.0,0.0,0.0,0.0,0.0,0.0,0.003968253968253968,-0.39010000000000056,-4.617000000000004,0.0,-1.0,-1.166666666666666,-17.295985223857315,-14.015650064000056,0.2111680466290542,-116.0,-3.0,-8.0,-0.84
34>24,0.0,0.0,0.0,0.0,-4.0,-1.0,0.0,0.0,1.0,-41.2291404394789,-4.0,-1.0,-4.0,0.0,0.0,0.0,0.0,-4.0,0.0,-96.17369856903395,4.54060925062504,100.71430781965898,-0.05578895890847951,0.055788958908479465,-139.3557423662823,-50.13797267622431,-0.0037673482647284646,-0.0021839152538163376,1.248071700131419,2.1194918795728483,-119.54141069492368,27.90832137651445,-0.03778121326839645,0.037781213268396084,-0.016666666666666663,-0.0222222222222222,0.05000000000000005,0.0,0.026666666666666616,0.0,0.023333333333333317,0.0,0.0008333333333333318,-3.293439795492628,-0.09794616779346954,-0.4341845596810137,-0.0076115753726204985,-6.990000000000008,0.041407867494823995,1.0,0.0,-4.240378999999997,-1.8696210000000024,0.0,0.0,0.0,0.0,0.0,0.0,0.003968253968253968,-0.9951000000000004,-6.822000000000003,12.889999999999993,-1.0,-1.166666666666666,-23.59520984999477,-13.020401096000116,0.4231928649856931,-116.0,-3.0,-8.0,-0.7
35>05,0.0,0.0,0.0,0.0,-1.0,0.0,0.0,0.0,1.0,2.1904635061698627,-1.0,0.0,-1.0,0.0,0.0,0.0,0.0,-1.0,0.0,-69.59896729560205,42.08278895363583,111.68175624923788,-0.058088960275331274,0.058088960275331177,-81.396647226364,25.681478406075826,-0.009419069104620759,-0.006136536611389326,6.985917174760601,7.270938181021164,-55.46720276303563,27.951024421069288,-0.03149619749960675,0.031496197499606526,0.007142857142857145,0.004761904761904773,0.019230769230769384,0.5,0.01923076923076916,0.0,0.0,0.0,0.0,-0.2734374784168807,-0.0105168260929569,-0.08026613933164839,-0.003087159205063389,0.009999999999990905,0.011616161616161635,1.0,0.0,-1.2367929999999987,0.13679300000000086,0.0,0.0,0.0,0.0,0.0,0.0,0.0,-0.6050000000000004,-2.2049999999999983,12.890000000000017,0.0,0.0,-6.299224626137517,0.9952489679999984,0.1959300713172176,0.0,0.0,0.0,-1.08
35>23,0.0,0.0,0.0,0.0,0.0,1.0,0.0,0.0,1.0,65.22577787594707,0.0,1.0,0.0,0.0,0.0,0.0,0.0,0.0,0.0,9.488071465719315,-4.9277773593421434,-14.415848825061461,0.007341912981535914,-0.0073419129815360815,11.750425326869507,-2.3703955707616156,-0.0002224671796009769,-0.00014173087530600093,7.635115954816655,0.16116507108617384,-4.561430291138322,9.121724397515552,-0.008286614824591476,0.008286614824591365,0.0,0.0,-0.005341880341880323,0.75,0.0039173789173788665,0.5,-0.0092592592592593,0.5,0.018518518518518517,1.6316221076027055,0.03327326995015045,0.2423409845460771,0.0016024742934613867,7.009999999999992,0.0,0.0,0.0,1.5132070000000013,-0.4932070000000017,0.0,0.0,0.0,0.0,0.0,0.0,-0.0034482758620689585,0.6534000000000002,5.010000000000005,0.0,1.0,0.22222222222222232,15.211068029906302,33.96102764799997,0.7546895032888887,175.0,2.0,6.0,-1.82
35>31,0.0,0.0,0.0,0.0,0.0,1.0,0.0,0.0,1.0,65.22577787594707,0.0,1.0,0.0,0.0,0.0,0.0,0.0,0.0,0.0,-14.572678457762153,3.671140297906163,18.243818755668315,-0.00983141889816225,0.009831418898162192,-19.506439794493478,-2.7482826039083648,-0.008459772505994723,-0.005498576200711314,3.5895334112385338,6.486065869649735,-70.4533617658252,59.551823605969105,-0.060023322662782985,0.06002332266278276,0.0,0.0,-0.005341880341880323,0.75,0.0039173789173788665,0.5,-0.0092592592592593,0.5,0.018518518518518517,0.99764933512974,0.00979279689559609,0.14088907299792994,-0.002155003912025527,7.009999999999992,0.0,0.0,0.0,-0.10979299999999624,0.1097929999999998,0.0,0.0,0.0,0.0,0.0,0.0,-0.0034482758620689585,0.1391,-0.04199999999998738,0.0,1.0,0.22222222222222232,6.067558953807862,17.990578187999972,0.3997906263999997,175.0,2.0,6.0,-1.12
35>32,0.0,0.0,0.0,0.0,1.0,0.0,0.0,0.0,-1.0,-2.6237172338301207,1.0,0.0,1.0,0.0,0.0,0.0,0.0,1.0,0.0,49.97991266850943,-21.67217121775002,-71.65208388625945,0.036092029997873636,-0.03609202999787353,64.93625543216837,-6.038068720109664,0.00528607387707522,0.003323639576371773,-15.58319536678758,-3.693356420608353,42.86376233864792,-14.556020887888524,0.017221313678676298,-0.017221313678676232,-0.006493506493506496,-0.004329004329004321,-0.01923076923076916,-0.5,-0.019230769230769273,0.0,0.0,0.0,0.0,0.2996505275067278,0.011525020288720378,0.08154332314508395,0.0031362816594263103,-0.010000000000019328,-0.011111111111111072,-1.0,0.0,1.2367929999999987,-0.13679300000000086,0.0,0.0,0.0,0.0,0.0,0.0,0.0,0.6050000000000002,2.2049999999999983,-12.889999999999993,0.0,0.0,6.299224626137517,-0.9952489679999984,-0.18741137256429494,0.0,0.0,0.0,0.33
36>19,0.0,0.0,0.0,0.0,-1.0,-1.0,0.0,0.0,-1.0,-19.117594490790225,-1.0,-1.0,-1.0,0.0,0.0,0.0,0.0,-1.0,0.0,52.06921902993838,-68.27162645452574,-120.34084548446413,0.053986885442218635,-0.053986885442218635,49.670101099958345,-84.2038513016753,-0.08348771544246766,0.02052992247328811,122.07917166564451,-23.262397307263054,3.8314524770171374,-20.033859901604444,0.016618079567570554,-0.0166180795675705,0.0,0.0,-0.01124999999999998,-1.0,-0.01375000000000004,-0.5,0.0024999999999999467,-0.5,-0.02,-0.35222846027055965,0.02069712573253124,-0.09418101883765306,0.0061755617432118215,-7.009999999999992,0.009661835748792258,-1.0,0.0,-0.8019999999999996,-1.7360000000000009,0.0,0.0,0.0,0.0,0.0,-1.0,-0.031746031746031744,0.2998199999999989,-1.8149999999999975,-9.229999999999976,0.0,4.440892098500626e-16,-8.790226951490524,-15.994914619999975,-0.19256046868980992,-168.0,-2.0,-4.0,0.55
36>22,0.0,0.0,0.0,0.0,1.0,0.0,0.0,0.0,-1.0,-2.4828266444826568,1.0,0.0,1.0,0.0,0.0,0.0,0.0,1.0,0.0,63.71183234810599,-34.80678170519513,-98.51861405330112,0.04964469332587679,-0.04964469332587662,79.88559077512771,-16.973641268605892,0.015321001671284862,0.005205740627416189,-6.174231221346303,-6.524526915164017,54.33008388220787,-25.425033239296965,0.02703464645988873,-0.02703464645988861,-0.01842105263157895,-0.01578947368421052,-0.020000000000000014,-0.5,-0.020000000000000014,0.0,0.0,0.0,0.0,0.3082642442701875,0.012330569770807598,0.08003762600258567,0.0032015050401034413,-0.009999999999990905,-0.009250693802035135,-1.0,0.0,1.2367929999999987,-0.13679300000000086,0.0,0.0,0.0,0.0,0.0,0.0,0.0,0.6049999999999989,2.2050000000000125,-12.889999999999983,0.0,0.0,6.299224626137459,-0.9952489679999416,-0.17712643610549786,0.0,0.0,0.0,0.0
36>26,0.0,0.0,0.0,0.0,-4.0,-1.0,0.0,0.0,0.0,-13.465621761323634,-4.0,-1.0,-4.0,0.0,0.0,0.0,0.0,-4.0,0.0,31.809743611602016,-134.76658147682778,-166.57632508842985,0.06566905748899116,-0.06566905748899132,-3.419804177746073,-207.09005070756612,-0.09334119810666984,0.014645546693828754,130.74408658863328,-17.22952103428554,-127.8564788187523,24.8996409535265,-0.041739830115035785,0.041739830115035535,-0.03508771929824561,-0.03801169590643272,0.020000000000000014,-0.75,-0.0033333333333334107,0.0,0.023333333333333317,0.0,0.0008333333333333318,-1.5754850770155393,-0.030271899965176208,-0.3078302196445266,-0.002726488290407919,-7.0,0.041407867494823995,-1.0,0.0,-3.9153790000000015,-3.632621,0.0,0.0,0.0,0.0,0.0,-1.0,-0.031746031746031744,0.1304999999999994,-6.593999999999994,-9.22999999999999,0.0,4.440892098500626e-16,-20.018653221540088,-12.019986496000056,0.41187589571033095,-168.0,-2.0,-4.0,0.28
